folio,codigo,descripcion,marca,cantidad,precio,categoria
?277,090011,BOMBON CHOC.20/50PZ DLR,DLR,15.000000,20.340000,PRODUCTOS DE CONFITERIA
277,090082,BOMBON GIGANTE 15/400GR DLR,DLR,15.000000,184.500000,PRODUCTOS DE CONFITERIA
277,180722,CHAROLA MARIEL 66 10/50 REYMA,REYMA,10.000000,57.500000,Subfamilia de Varios
277,180719,CHAROLA MARIEL 855 10/50 REYMA,REYMA,12.000000,88.920000,Subfamilia de Varios
277,180514,CONTENEDOR 8X8 DIV 8/25 REYMA,REYMA,3.000000,54.960000,Subfamilia de Varios
277,180753,CONTENEDOR 8X8 LISO 8/25 REYMA,REYMA,3.000000,17.340000,Subfamilia de Varios
277,210079,VASO # 8 20/50PZ REYMA,REYMA,10.000000,475.490000,Subfamilia de Varios
278,090011,BOMBON CHOC.20/50PZ DLR,DLR,15.000000,20.340000,PRODUCTOS DE CONFITERIA
278,090082,BOMBON GIGANTE 15/400GR DLR,DLR,15.000000,184.500000,PRODUCTOS DE CONFITERIA
278,180722,CHAROLA MARIEL 66 10/50 REYMA,REYMA,10.000000,57.500000,Subfamilia de Varios
278,180719,CHAROLA MARIEL 855 10/50 REYMA,REYMA,12.000000,88.920000,Subfamilia de Varios
278,180514,CONTENEDOR 8X8 DIV 8/25 REYMA,REYMA,3.000000,54.960000,Subfamilia de Varios
278,180753,CONTENEDOR 8X8 LISO 8/25 REYMA,REYMA,3.000000,17.340000,Subfamilia de Varios
278,210079,VASO # 8 20/50PZ REYMA,REYMA,10.000000,475.490000,Subfamilia de Varios
348,150014,SABRISURTIDO 1/30PZ ALEGRO,ALEGRO,20.000000,1405.640000,BOTANAS
348,210146,VASO # 732 20/15PZ CONVERMEX,CONVERMEX,3.000000,1.485000,Subfamilia de Varios
348,180722,CHAROLA MARIEL 66 10/50 REYMA,REYMA,10.000000,57.500000,Subfamilia de Varios
348,180719,CHAROLA MARIEL 855 10/50 REYMA,REYMA,20.000000,148.200000,Subfamilia de Varios
348,180514,CONTENEDOR 8X8 DIV 8/25 REYMA,REYMA,2.000000,36.640000,Subfamilia de Varios
348,180753,CONTENEDOR 8X8 LISO 8/25 REYMA,REYMA,4.000000,23.120000,Subfamilia de Varios
348,210079,VASO # 8 20/50PZ REYMA,REYMA,20.000000,950.980000,Subfamilia de Varios
349,150014,SABRISURTIDO 1/30PZ ALEGRO,ALEGRO,20.000000,1405.640000,BOTANAS
349,210146,VASO # 732 20/15PZ CONVERMEX,CONVERMEX,3.000000,1.485000,Subfamilia de Varios
349,180722,CHAROLA MARIEL 66 10/50 REYMA,REYMA,10.000000,57.500000,Subfamilia de Varios
349,180719,CHAROLA MARIEL 855 10/50 REYMA,REYMA,20.000000,148.200000,Subfamilia de Varios
349,180514,CONTENEDOR 8X8 DIV 8/25 REYMA,REYMA,2.000000,36.640000,Subfamilia de Varios
349,180753,CONTENEDOR 8X8 LISO 8/25 REYMA,REYMA,4.000000,23.120000,Subfamilia de Varios
349,210079,VASO # 8 20/50PZ REYMA,REYMA,20.000000,950.980000,Subfamilia de Varios
487,090011,BOMBON CHOC.20/50PZ DLR,DLR,10.000000,13.560000,PRODUCTOS DE CONFITERIA
487,090082,BOMBON GIGANTE 15/400GR DLR,DLR,15.000000,184.500000,PRODUCTOS DE CONFITERIA
487,010245,BOCADIN CHOC BLS 12/50 BARCEL,BARCEL,15.000000,262.500000,PRODUCTOS DE CONFITERIA
487,210146,VASO # 732 20/15PZ CONVERMEX,CONVERMEX,8.000000,3.960000,Subfamilia de Varios
487,180722,CHAROLA MARIEL 66 10/50 REYMA,REYMA,10.000000,57.500000,Subfamilia de Varios
487,180719,CHAROLA MARIEL 855 10/50 REYMA,REYMA,25.000000,185.250000,Subfamilia de Varios
487,180514,CONTENEDOR 8X8 DIV 8/25 REYMA,REYMA,2.000000,36.640000,Subfamilia de Varios
487,180753,CONTENEDOR 8X8 LISO 8/25 REYMA,REYMA,2.000000,11.560000,Subfamilia de Varios
487,210079,VASO # 8 20/50PZ REYMA,REYMA,10.000000,475.490000,Subfamilia de Varios
488,090011,BOMBON CHOC.20/50PZ DLR,DLR,10.000000,13.560000,PRODUCTOS DE CONFITERIA
488,090082,BOMBON GIGANTE 15/400GR DLR,DLR,15.000000,184.500000,PRODUCTOS DE CONFITERIA
488,010245,BOCADIN CHOC BLS 12/50 BARCEL,BARCEL,15.000000,262.500000,PRODUCTOS DE CONFITERIA
488,210146,VASO # 732 20/15PZ CONVERMEX,CONVERMEX,8.000000,3.960000,Subfamilia de Varios
488,180722,CHAROLA MARIEL 66 10/50 REYMA,REYMA,10.000000,57.500000,Subfamilia de Varios
488,180719,CHAROLA MARIEL 855 10/50 REYMA,REYMA,25.000000,185.250000,Subfamilia de Varios
488,180514,CONTENEDOR 8X8 DIV 8/25 REYMA,REYMA,2.000000,36.640000,Subfamilia de Varios
488,180753,CONTENEDOR 8X8 LISO 8/25 REYMA,REYMA,2.000000,11.560000,Subfamilia de Varios
488,210079,VASO # 8 20/50PZ REYMA,REYMA,10.000000,475.490000,Subfamilia de Varios
565,150014,SABRISURTIDO 1/30PZ ALEGRO,ALEGRO,15.000000,1054.230000,BOTANAS
565,210146,VASO # 732 20/15PZ CONVERMEX,CONVERMEX,7.000000,3.465000,Subfamilia de Varios
565,180719,CHAROLA MARIEL 855 10/50 REYMA,REYMA,10.000000,74.100000,Subfamilia de Varios
565,180514,CONTENEDOR 8X8 DIV 8/25 REYMA,REYMA,2.000000,36.640000,Subfamilia de Varios
565,180753,CONTENEDOR 8X8 LISO 8/25 REYMA,REYMA,3.000000,17.340000,Subfamilia de Varios
565,210079,VASO # 8 20/50PZ REYMA,REYMA,10.000000,475.490000,Subfamilia de Varios
566,150014,SABRISURTIDO 1/30PZ ALEGRO,ALEGRO,15.000000,1054.230000,BOTANAS
566,210146,VASO # 732 20/15PZ CONVERMEX,CONVERMEX,7.000000,3.465000,Subfamilia de Varios
566,180719,CHAROLA MARIEL 855 10/50 REYMA,REYMA,10.000000,74.100000,Subfamilia de Varios
566,180514,CONTENEDOR 8X8 DIV 8/25 REYMA,REYMA,2.000000,36.640000,Subfamilia de Varios
566,180753,CONTENEDOR 8X8 LISO 8/25 REYMA,REYMA,3.000000,17.340000,Subfamilia de Varios
566,210079,VASO # 8 20/50PZ REYMA,REYMA,10.000000,475.490000,Subfamilia de Varios
751,090011,BOMBON CHOC.20/50PZ DLR,DLR,15.000000,20.340000,PRODUCTOS DE CONFITERIA
751,090082,BOMBON GIGANTE 15/400GR DLR,DLR,10.000000,123.000000,PRODUCTOS DE CONFITERIA
751,180722,CHAROLA MARIEL 66 10/50 REYMA,REYMA,10.000000,57.500000,Subfamilia de Varios
751,180719,CHAROLA MARIEL 855 10/50 REYMA,REYMA,15.000000,111.150000,Subfamilia de Varios
751,180514,CONTENEDOR 8X8 DIV 8/25 REYMA,REYMA,2.000000,36.640000,Subfamilia de Varios
751,180753,CONTENEDOR 8X8 LISO 8/25 REYMA,REYMA,2.000000,11.560000,Subfamilia de Varios
751,210079,VASO # 8 20/50PZ REYMA,REYMA,15.000000,713.235000,Subfamilia de Varios
752,090011,BOMBON CHOC.20/50PZ DLR,DLR,15.000000,20.340000,PRODUCTOS DE CONFITERIA
752,090082,BOMBON GIGANTE 15/400GR DLR,DLR,10.000000,123.000000,PRODUCTOS DE CONFITERIA
752,180722,CHAROLA MARIEL 66 10/50 REYMA,REYMA,10.000000,57.500000,Subfamilia de Varios
752,180719,CHAROLA MARIEL 855 10/50 REYMA,REYMA,15.000000,111.150000,Subfamilia de Varios
752,180514,CONTENEDOR 8X8 DIV 8/25 REYMA,REYMA,2.000000,36.640000,Subfamilia de Varios
752,180753,CONTENEDOR 8X8 LISO 8/25 REYMA,REYMA,2.000000,11.560000,Subfamilia de Varios
752,210079,VASO # 8 20/50PZ REYMA,REYMA,15.000000,713.235000,Subfamilia de Varios
843,210146,VASO # 732 20/15PZ CONVERMEX,CONVERMEX,6.000000,2.970000,Subfamilia de Varios
843,180719,CHAROLA MARIEL 855 10/50 REYMA,REYMA,10.000000,74.100000,Subfamilia de Varios
843,180514,CONTENEDOR 8X8 DIV 8/25 REYMA,REYMA,5.000000,91.600000,Subfamilia de Varios
843,180753,CONTENEDOR 8X8 LISO 8/25 REYMA,REYMA,5.000000,28.900000,Subfamilia de Varios
843,210079,VASO # 8 20/50PZ REYMA,REYMA,15.000000,713.235000,Subfamilia de Varios
843,150014,SABRISURTIDO 1/30PZ ALEGRO,ALEGRO,10.000000,702.820000,BOTANAS
844,210146,VASO # 732 20/15PZ CONVERMEX,CONVERMEX,6.000000,2.970000,Subfamilia de Varios
844,180719,CHAROLA MARIEL 855 10/50 REYMA,REYMA,10.000000,74.100000,Subfamilia de Varios
844,180514,CONTENEDOR 8X8 DIV 8/25 REYMA,REYMA,5.000000,91.600000,Subfamilia de Varios
844,180753,CONTENEDOR 8X8 LISO 8/25 REYMA,REYMA,5.000000,28.900000,Subfamilia de Varios
844,210079,VASO # 8 20/50PZ REYMA,REYMA,15.000000,713.235000,Subfamilia de Varios
844,150014,SABRISURTIDO 1/30PZ ALEGRO,ALEGRO,10.000000,702.820000,BOTANAS
998,210146,VASO # 732 20/15PZ CONVERMEX,CONVERMEX,4.000000,1.980000,Subfamilia de Varios
998,180719,CHAROLA MARIEL 855 10/50 REYMA,REYMA,15.000000,111.150000,Subfamilia de Varios
998,180514,CONTENEDOR 8X8 DIV 8/25 REYMA,REYMA,3.000000,54.960000,Subfamilia de Varios
998,210079,VASO # 8 20/50PZ REYMA,REYMA,10.000000,475.490000,Subfamilia de Varios
998,180719,CHAROLA MARIEL 855 10/50 REYMA,REYMA,10.000000,74.100000,Subfamilia de Varios
998,180514,CONTENEDOR 8X8 DIV 8/25 REYMA,REYMA,2.000000,36.640000,Subfamilia de Varios
999,210146,VASO # 732 20/15PZ CONVERMEX,CONVERMEX,4.000000,1.980000,Subfamilia de Varios
999,180719,CHAROLA MARIEL 855 10/50 REYMA,REYMA,15.000000,111.150000,Subfamilia de Varios
999,180514,CONTENEDOR 8X8 DIV 8/25 REYMA,REYMA,3.000000,54.960000,Subfamilia de Varios
999,210079,VASO # 8 20/50PZ REYMA,REYMA,10.000000,475.490000,Subfamilia de Varios
999,180719,CHAROLA MARIEL 855 10/50 REYMA,REYMA,10.000000,74.100000,Subfamilia de Varios
999,180514,CONTENEDOR 8X8 DIV 8/25 REYMA,REYMA,2.000000,36.640000,Subfamilia de Varios
1065,210146,VASO # 732 20/15PZ CONVERMEX,CONVERMEX,5.000000,2.475000,Subfamilia de Varios
1065,180722,CHAROLA MARIEL 66 10/50 REYMA,REYMA,10.000000,57.500000,Subfamilia de Varios
1065,180719,CHAROLA MARIEL 855 10/50 REYMA,REYMA,15.000000,111.150000,Subfamilia de Varios
1065,180514,CONTENEDOR 8X8 DIV 8/25 REYMA,REYMA,2.000000,36.640000,Subfamilia de Varios
1065,180753,CONTENEDOR 8X8 LISO 8/25 REYMA,REYMA,2.000000,11.560000,Subfamilia de Varios
1065,210079,VASO # 8 20/50PZ REYMA,REYMA,15.000000,713.235000,Subfamilia de Varios
1066,210146,VASO # 732 20/15PZ CONVERMEX,CONVERMEX,5.000000,2.475000,Subfamilia de Varios
1066,180722,CHAROLA MARIEL 66 10/50 REYMA,REYMA,10.000000,57.500000,Subfamilia de Varios
1066,180719,CHAROLA MARIEL 855 10/50 REYMA,REYMA,15.000000,111.150000,Subfamilia de Varios
1066,180514,CONTENEDOR 8X8 DIV 8/25 REYMA,REYMA,2.000000,36.640000,Subfamilia de Varios
1066,180753,CONTENEDOR 8X8 LISO 8/25 REYMA,REYMA,2.000000,11.560000,Subfamilia de Varios
1066,210079,VASO # 8 20/50PZ REYMA,REYMA,15.000000,713.235000,Subfamilia de Varios
1122,210146,VASO # 732 20/15PZ CONVERMEX,CONVERMEX,3.000000,1.485000,Subfamilia de Varios
1122,180719,CHAROLA MARIEL 855 10/50 REYMA,REYMA,10.000000,74.100000,Subfamilia de Varios
1122,180722,CHAROLA MARIEL 66 10/50 REYMA,REYMA,10.000000,57.500000,Subfamilia de Varios
1122,180514,CONTENEDOR 8X8 DIV 8/25 REYMA,REYMA,5.000000,91.600000,Subfamilia de Varios
1122,180753,CONTENEDOR 8X8 LISO 8/25 REYMA,REYMA,5.000000,28.900000,Subfamilia de Varios
1122,210079,VASO # 8 20/50PZ REYMA,REYMA,5.000000,237.745000,Subfamilia de Varios
1123,210146,VASO # 732 20/15PZ CONVERMEX,CONVERMEX,3.000000,1.485000,Subfamilia de Varios
1123,180719,CHAROLA MARIEL 855 10/50 REYMA,REYMA,10.000000,74.100000,Subfamilia de Varios
1123,180722,CHAROLA MARIEL 66 10/50 REYMA,REYMA,10.000000,57.500000,Subfamilia de Varios
1123,180514,CONTENEDOR 8X8 DIV 8/25 REYMA,REYMA,5.000000,91.600000,Subfamilia de Varios
1123,180753,CONTENEDOR 8X8 LISO 8/25 REYMA,REYMA,5.000000,28.900000,Subfamilia de Varios
1123,210079,VASO # 8 20/50PZ REYMA,REYMA,5.000000,237.745000,Subfamilia de Varios
1259,210146,VASO # 732 20/15PZ CONVERMEX,CONVERMEX,3.000000,1.485000,Subfamilia de Varios
1259,180722,CHAROLA MARIEL 66 10/50 REYMA,REYMA,6.000000,34.500000,Subfamilia de Varios
1259,180719,CHAROLA MARIEL 855 10/50 REYMA,REYMA,5.000000,37.050000,Subfamilia de Varios
1259,210079,VASO # 8 20/50PZ REYMA,REYMA,4.000000,190.196000,Subfamilia de Varios
1259,180753,CONTENEDOR 8X8 LISO 8/25 REYMA,REYMA,3.000000,17.340000,Subfamilia de Varios
1259,180514,CONTENEDOR 8X8 DIV 8/25 REYMA,REYMA,6.000000,109.920000,Subfamilia de Varios
1260,210146,VASO # 732 20/15PZ CONVERMEX,CONVERMEX,3.000000,1.485000,Subfamilia de Varios
1260,180722,CHAROLA MARIEL 66 10/50 REYMA,REYMA,6.000000,34.500000,Subfamilia de Varios
1260,180719,CHAROLA MARIEL 855 10/50 REYMA,REYMA,5.000000,37.050000,Subfamilia de Varios
1260,210079,VASO # 8 20/50PZ REYMA,REYMA,4.000000,190.196000,Subfamilia de Varios
1260,180753,CONTENEDOR 8X8 LISO 8/25 REYMA,REYMA,3.000000,17.340000,Subfamilia de Varios
1260,180514,CONTENEDOR 8X8 DIV 8/25 REYMA,REYMA,6.000000,109.920000,Subfamilia de Varios
1289,210146,VASO # 732 20/15PZ CONVERMEX,CONVERMEX,5.000000,2.475000,Subfamilia de Varios
1289,180719,CHAROLA MARIEL 855 10/50 REYMA,REYMA,15.000000,111.150000,Subfamilia de Varios
1289,180722,CHAROLA MARIEL 66 10/50 REYMA,REYMA,10.000000,57.500000,Subfamilia de Varios
1289,180514,CONTENEDOR 8X8 DIV 8/25 REYMA,REYMA,5.000000,91.600000,Subfamilia de Varios
1289,180753,CONTENEDOR 8X8 LISO 8/25 REYMA,REYMA,5.000000,28.900000,Subfamilia de Varios
1289,210079,VASO # 8 20/50PZ REYMA,REYMA,5.000000,237.745000,Subfamilia de Varios
1290,210146,VASO # 732 20/15PZ CONVERMEX,CONVERMEX,5.000000,2.475000,Subfamilia de Varios
1290,180719,CHAROLA MARIEL 855 10/50 REYMA,REYMA,15.000000,111.150000,Subfamilia de Varios
1290,180722,CHAROLA MARIEL 66 10/50 REYMA,REYMA,10.000000,57.500000,Subfamilia de Varios
1290,180514,CONTENEDOR 8X8 DIV 8/25 REYMA,REYMA,5.000000,91.600000,Subfamilia de Varios
1290,180753,CONTENEDOR 8X8 LISO 8/25 REYMA,REYMA,5.000000,28.900000,Subfamilia de Varios
1290,210079,VASO # 8 20/50PZ REYMA,REYMA,5.000000,237.745000,Subfamilia de Varios
1668,150014,SABRISURTIDO 1/30PZ ALEGRO,ALEGRO,10.000000,702.820000,BOTANAS
1668,210146,VASO # 732 20/15PZ CONVERMEX,CONVERMEX,8.000000,3.960000,Subfamilia de Varios
1668,180722,CHAROLA MARIEL 66 10/50 REYMA,REYMA,5.000000,28.750000,Subfamilia de Varios
1668,180719,CHAROLA MARIEL 855 10/50 REYMA,REYMA,1.000000,7.410000,Subfamilia de Varios
1668,180514,CONTENEDOR 8X8 DIV 8/25 REYMA,REYMA,2.000000,36.640000,Subfamilia de Varios
1668,180753,CONTENEDOR 8X8 LISO 8/25 REYMA,REYMA,2.000000,11.560000,Subfamilia de Varios
1668,210079,VASO # 8 20/50PZ REYMA,REYMA,15.000000,713.235000,Subfamilia de Varios
1669,150014,SABRISURTIDO 1/30PZ ALEGRO,ALEGRO,10.000000,702.820000,BOTANAS
1669,210146,VASO # 732 20/15PZ CONVERMEX,CONVERMEX,8.000000,3.960000,Subfamilia de Varios
1669,180722,CHAROLA MARIEL 66 10/50 REYMA,REYMA,5.000000,28.750000,Subfamilia de Varios
1669,180719,CHAROLA MARIEL 855 10/50 REYMA,REYMA,1.000000,7.410000,Subfamilia de Varios
1669,180514,CONTENEDOR 8X8 DIV 8/25 REYMA,REYMA,2.000000,36.640000,Subfamilia de Varios
1669,180753,CONTENEDOR 8X8 LISO 8/25 REYMA,REYMA,2.000000,11.560000,Subfamilia de Varios
1669,210079,VASO # 8 20/50PZ REYMA,REYMA,15.000000,713.235000,Subfamilia de Varios
1816,210146,VASO # 732 20/15PZ CONVERMEX,CONVERMEX,3.000000,1.485000,Subfamilia de Varios
1816,180719,CHAROLA MARIEL 855 10/50 REYMA,REYMA,15.000000,111.150000,Subfamilia de Varios
1816,180514,CONTENEDOR 8X8 DIV 8/25 REYMA,REYMA,5.000000,91.600000,Subfamilia de Varios
1816,180753,CONTENEDOR 8X8 LISO 8/25 REYMA,REYMA,5.000000,28.900000,Subfamilia de Varios
1816,210079,VASO # 8 20/50PZ REYMA,REYMA,10.000000,475.490000,Subfamilia de Varios
1816,150014,SABRISURTIDO 1/30PZ ALEGRO,ALEGRO,15.000000,1054.230000,BOTANAS
1817,210146,VASO # 732 20/15PZ CONVERMEX,CONVERMEX,3.000000,1.485000,Subfamilia de Varios
1817,180719,CHAROLA MARIEL 855 10/50 REYMA,REYMA,15.000000,111.150000,Subfamilia de Varios
1817,180514,CONTENEDOR 8X8 DIV 8/25 REYMA,REYMA,5.000000,91.600000,Subfamilia de Varios
1817,180753,CONTENEDOR 8X8 LISO 8/25 REYMA,REYMA,5.000000,28.900000,Subfamilia de Varios
1817,210079,VASO # 8 20/50PZ REYMA,REYMA,10.000000,475.490000,Subfamilia de Varios
1817,150014,SABRISURTIDO 1/30PZ ALEGRO,ALEGRO,15.000000,1054.230000,BOTANAS
1996,210146,VASO # 732 20/15PZ CONVERMEX,CONVERMEX,2.000000,0.990000,Subfamilia de Varios
1996,180722,CHAROLA MARIEL 66 10/50 REYMA,REYMA,15.000000,86.250000,Subfamilia de Varios
1996,180719,CHAROLA MARIEL 855 10/50 REYMA,REYMA,20.000000,148.200000,Subfamilia de Varios
1996,180514,CONTENEDOR 8X8 DIV 8/25 REYMA,REYMA,2.000000,36.640000,Subfamilia de Varios
1996,180753,CONTENEDOR 8X8 LISO 8/25 REYMA,REYMA,5.000000,28.900000,Subfamilia de Varios
1996,210079,VASO # 8 20/50PZ REYMA,REYMA,9.000000,427.941000,Subfamilia de Varios
1996,090082,BOMBON GIGANTE 15/400GR DLR,DLR,10.000000,123.000000,PRODUCTOS DE CONFITERIA
1997,210146,VASO # 732 20/15PZ CONVERMEX,CONVERMEX,2.000000,0.990000,Subfamilia de Varios
1997,180722,CHAROLA MARIEL 66 10/50 REYMA,REYMA,15.000000,86.250000,Subfamilia de Varios
1997,180719,CHAROLA MARIEL 855 10/50 REYMA,REYMA,20.000000,148.200000,Subfamilia de Varios
1997,180514,CONTENEDOR 8X8 DIV 8/25 REYMA,REYMA,2.000000,36.640000,Subfamilia de Varios
1997,180753,CONTENEDOR 8X8 LISO 8/25 REYMA,REYMA,5.000000,28.900000,Subfamilia de Varios
1997,210079,VASO # 8 20/50PZ REYMA,REYMA,9.000000,427.941000,Subfamilia de Varios
1997,090082,BOMBON GIGANTE 15/400GR DLR,DLR,10.000000,123.000000,PRODUCTOS DE CONFITERIA
2227,210146,VASO # 732 20/15PZ CONVERMEX,CONVERMEX,12.000000,5.940000,Subfamilia de Varios
2227,180722,CHAROLA MARIEL 66 10/50 REYMA,REYMA,10.000000,57.500000,Subfamilia de Varios
2227,180719,CHAROLA MARIEL 855 10/50 REYMA,REYMA,20.000000,148.200000,Subfamilia de Varios
2227,180514,CONTENEDOR 8X8 DIV 8/25 REYMA,REYMA,2.000000,36.640000,Subfamilia de Varios
2227,180753,CONTENEDOR 8X8 LISO 8/25 REYMA,REYMA,5.000000,28.900000,Subfamilia de Varios
2227,210079,VASO # 8 20/50PZ REYMA,REYMA,25.000000,1188.725000,Subfamilia de Varios
2228,210146,VASO # 732 20/15PZ CONVERMEX,CONVERMEX,12.000000,5.940000,Subfamilia de Varios
2228,180722,CHAROLA MARIEL 66 10/50 REYMA,REYMA,10.000000,57.500000,Subfamilia de Varios
2228,180719,CHAROLA MARIEL 855 10/50 REYMA,REYMA,20.000000,148.200000,Subfamilia de Varios
2228,180514,CONTENEDOR 8X8 DIV 8/25 REYMA,REYMA,2.000000,36.640000,Subfamilia de Varios
2228,180753,CONTENEDOR 8X8 LISO 8/25 REYMA,REYMA,5.000000,28.900000,Subfamilia de Varios
2228,210079,VASO # 8 20/50PZ REYMA,REYMA,25.000000,1188.725000,Subfamilia de Varios
2596,210146,VASO # 732 20/15PZ CONVERMEX,CONVERMEX,4.000000,1.980000,Subfamilia de Varios
2596,180722,CHAROLA MARIEL 66 10/50 REYMA,REYMA,10.000000,57.500000,Subfamilia de Varios
2596,180719,CHAROLA MARIEL 855 10/50 REYMA,REYMA,20.000000,148.200000,Subfamilia de Varios
2596,180514,CONTENEDOR 8X8 DIV 8/25 REYMA,REYMA,3.000000,54.960000,Subfamilia de Varios
2596,180753,CONTENEDOR 8X8 LISO 8/25 REYMA,REYMA,5.000000,28.900000,Subfamilia de Varios
2596,210079,VASO # 8 20/50PZ REYMA,REYMA,20.000000,950.980000,Subfamilia de Varios
2597,210146,VASO # 732 20/15PZ CONVERMEX,CONVERMEX,4.000000,1.980000,Subfamilia de Varios
2597,180722,CHAROLA MARIEL 66 10/50 REYMA,REYMA,10.000000,57.500000,Subfamilia de Varios
2597,180719,CHAROLA MARIEL 855 10/50 REYMA,REYMA,20.000000,148.200000,Subfamilia de Varios
2597,180514,CONTENEDOR 8X8 DIV 8/25 REYMA,REYMA,3.000000,54.960000,Subfamilia de Varios
2597,180753,CONTENEDOR 8X8 LISO 8/25 REYMA,REYMA,5.000000,28.900000,Subfamilia de Varios
2597,210079,VASO # 8 20/50PZ REYMA,REYMA,20.000000,950.980000,Subfamilia de Varios
3013,210146,VASO # 732 20/15PZ CONVERMEX,CONVERMEX,5.000000,2.475000,Subfamilia de Varios
3013,180719,CHAROLA MARIEL 855 10/50 REYMA,REYMA,10.000000,74.100000,Subfamilia de Varios
3013,210079,VASO # 8 20/50PZ REYMA,REYMA,20.000000,950.980000,Subfamilia de Varios
3013,090082,BOMBON GIGANTE 15/400GR DLR,DLR,10.000000,123.000000,PRODUCTOS DE CONFITERIA
3013,090011,BOMBON CHOC.20/50PZ DLR,DLR,15.000000,20.340000,PRODUCTOS DE CONFITERIA
3013,150014,SABRISURTIDO 1/30PZ ALEGRO,ALEGRO,20.000000,1405.640000,BOTANAS
3014,210146,VASO # 732 20/15PZ CONVERMEX,CONVERMEX,5.000000,2.475000,Subfamilia de Varios
3014,180719,CHAROLA MARIEL 855 10/50 REYMA,REYMA,10.000000,74.100000,Subfamilia de Varios
3014,210079,VASO # 8 20/50PZ REYMA,REYMA,20.000000,950.980000,Subfamilia de Varios
3014,090082,BOMBON GIGANTE 15/400GR DLR,DLR,10.000000,123.000000,PRODUCTOS DE CONFITERIA
3014,090011,BOMBON CHOC.20/50PZ DLR,DLR,15.000000,20.340000,PRODUCTOS DE CONFITERIA
3014,150014,SABRISURTIDO 1/30PZ ALEGRO,ALEGRO,20.000000,1405.640000,BOTANAS
3053,180514,CONTENEDOR 8X8 DIV 8/25 REYMA,REYMA,4.000000,73.280000,Subfamilia de Varios
3053,180753,CONTENEDOR 8X8 LISO 8/25 REYMA,REYMA,4.000000,23.120000,Subfamilia de Varios
3053,180719,CHAROLA MARIEL 855 10/50 REYMA,REYMA,10.000000,74.100000,Subfamilia de Varios
3053,090011,BOMBON CHOC.20/50PZ DLR,DLR,20.000000,27.120000,PRODUCTOS DE CONFITERIA
3053,090082,BOMBON GIGANTE 15/400GR DLR,DLR,10.000000,123.000000,PRODUCTOS DE CONFITERIA
3053,150014,SABRISURTIDO 1/30PZ ALEGRO,ALEGRO,10.000000,702.820000,BOTANAS
3053,010245,BOCADIN CHOC BLS 12/50 BARCEL,BARCEL,20.000000,350.000000,PRODUCTOS DE CONFITERIA
3054,180514,CONTENEDOR 8X8 DIV 8/25 REYMA,REYMA,4.000000,73.280000,Subfamilia de Varios
3054,180753,CONTENEDOR 8X8 LISO 8/25 REYMA,REYMA,4.000000,23.120000,Subfamilia de Varios
3054,180719,CHAROLA MARIEL 855 10/50 REYMA,REYMA,10.000000,74.100000,Subfamilia de Varios
3054,090011,BOMBON CHOC.20/50PZ DLR,DLR,20.000000,27.120000,PRODUCTOS DE CONFITERIA
3054,090082,BOMBON GIGANTE 15/400GR DLR,DLR,10.000000,123.000000,PRODUCTOS DE CONFITERIA
3054,150014,SABRISURTIDO 1/30PZ ALEGRO,ALEGRO,10.000000,702.820000,BOTANAS
3054,010245,BOCADIN CHOC BLS 12/50 BARCEL,BARCEL,20.000000,350.000000,PRODUCTOS DE CONFITERIA
3081,210146,VASO # 732 20/15PZ CONVERMEX,CONVERMEX,3.000000,1.485000,Subfamilia de Varios
3081,180722,CHAROLA MARIEL 66 10/50 REYMA,REYMA,10.000000,57.500000,Subfamilia de Varios
3081,180719,CHAROLA MARIEL 855 10/50 REYMA,REYMA,15.000000,111.150000,Subfamilia de Varios
3081,180514,CONTENEDOR 8X8 DIV 8/25 REYMA,REYMA,2.000000,36.640000,Subfamilia de Varios
3081,180753,CONTENEDOR 8X8 LISO 8/25 REYMA,REYMA,3.000000,17.340000,Subfamilia de Varios
3081,210079,VASO # 8 20/50PZ REYMA,REYMA,5.000000,237.745000,Subfamilia de Varios
3082,210146,VASO # 732 20/15PZ CONVERMEX,CONVERMEX,3.000000,1.485000,Subfamilia de Varios
3082,180722,CHAROLA MARIEL 66 10/50 REYMA,REYMA,10.000000,57.500000,Subfamilia de Varios
3082,180719,CHAROLA MARIEL 855 10/50 REYMA,REYMA,15.000000,111.150000,Subfamilia de Varios
3082,180514,CONTENEDOR 8X8 DIV 8/25 REYMA,REYMA,2.000000,36.640000,Subfamilia de Varios
3082,180753,CONTENEDOR 8X8 LISO 8/25 REYMA,REYMA,3.000000,17.340000,Subfamilia de Varios
3082,210079,VASO # 8 20/50PZ REYMA,REYMA,5.000000,237.745000,Subfamilia de Varios
3102,210146,VASO # 732 20/15PZ CONVERMEX,CONVERMEX,10.000000,4.950000,Subfamilia de Varios
3102,180719,CHAROLA MARIEL 855 10/50 REYMA,REYMA,25.000000,185.250000,Subfamilia de Varios
3102,180514,CONTENEDOR 8X8 DIV 8/25 REYMA,REYMA,8.000000,146.560000,Subfamilia de Varios
3102,180753,CONTENEDOR 8X8 LISO 8/25 REYMA,REYMA,8.000000,46.240000,Subfamilia de Varios
3102,210079,VASO # 8 20/50PZ REYMA,REYMA,15.000000,713.235000,Subfamilia de Varios
3102,150014,SABRISURTIDO 1/30PZ ALEGRO,ALEGRO,15.000000,1054.230000,BOTANAS
3103,210146,VASO # 732 20/15PZ CONVERMEX,CONVERMEX,10.000000,4.950000,Subfamilia de Varios
3103,180719,CHAROLA MARIEL 855 10/50 REYMA,REYMA,25.000000,185.250000,Subfamilia de Varios
3103,180514,CONTENEDOR 8X8 DIV 8/25 REYMA,REYMA,8.000000,146.560000,Subfamilia de Varios
3103,180753,CONTENEDOR 8X8 LISO 8/25 REYMA,REYMA,8.000000,46.240000,Subfamilia de Varios
3103,210079,VASO # 8 20/50PZ REYMA,REYMA,15.000000,713.235000,Subfamilia de Varios
3103,150014,SABRISURTIDO 1/30PZ ALEGRO,ALEGRO,15.000000,1054.230000,BOTANAS
3186,180514,CONTENEDOR 8X8 DIV 8/25 REYMA,REYMA,5.000000,91.600000,Subfamilia de Varios
3186,180753,CONTENEDOR 8X8 LISO 8/25 REYMA,REYMA,5.000000,28.900000,Subfamilia de Varios
3186,180722,CHAROLA MARIEL 66 10/50 REYMA,REYMA,8.000000,46.000000,Subfamilia de Varios
3186,180719,CHAROLA MARIEL 855 10/50 REYMA,REYMA,3.000000,22.230000,Subfamilia de Varios
3186,150014,SABRISURTIDO 1/30PZ ALEGRO,ALEGRO,5.000000,351.410000,BOTANAS
3186,210146,VASO # 732 20/15PZ CONVERMEX,CONVERMEX,6.000000,2.970000,Subfamilia de Varios
3187,180514,CONTENEDOR 8X8 DIV 8/25 REYMA,REYMA,5.000000,91.600000,Subfamilia de Varios
3187,180753,CONTENEDOR 8X8 LISO 8/25 REYMA,REYMA,5.000000,28.900000,Subfamilia de Varios
3187,180722,CHAROLA MARIEL 66 10/50 REYMA,REYMA,8.000000,46.000000,Subfamilia de Varios
3187,180719,CHAROLA MARIEL 855 10/50 REYMA,REYMA,3.000000,22.230000,Subfamilia de Varios
3187,150014,SABRISURTIDO 1/30PZ ALEGRO,ALEGRO,5.000000,351.410000,BOTANAS
3187,210146,VASO # 732 20/15PZ CONVERMEX,CONVERMEX,6.000000,2.970000,Subfamilia de Varios
3362,210146,VASO # 732 20/15PZ CONVERMEX,CONVERMEX,8.000000,3.960000,Subfamilia de Varios
3362,090082,BOMBON GIGANTE 15/400GR DLR,DLR,5.000000,61.500000,PRODUCTOS DE CONFITERIA
3362,180722,CHAROLA MARIEL 66 10/50 REYMA,REYMA,15.000000,86.250000,Subfamilia de Varios
3362,180719,CHAROLA MARIEL 855 10/50 REYMA,REYMA,10.000000,74.100000,Subfamilia de Varios
3362,180514,CONTENEDOR 8X8 DIV 8/25 REYMA,REYMA,5.000000,91.600000,Subfamilia de Varios
3362,180753,CONTENEDOR 8X8 LISO 8/25 REYMA,REYMA,5.000000,28.900000,Subfamilia de Varios
3362,210079,VASO # 8 20/50PZ REYMA,REYMA,8.000000,380.392000,Subfamilia de Varios
3363,210146,VASO # 732 20/15PZ CONVERMEX,CONVERMEX,8.000000,3.960000,Subfamilia de Varios
3363,090082,BOMBON GIGANTE 15/400GR DLR,DLR,5.000000,61.500000,PRODUCTOS DE CONFITERIA
3363,180722,CHAROLA MARIEL 66 10/50 REYMA,REYMA,15.000000,86.250000,Subfamilia de Varios
3363,180719,CHAROLA MARIEL 855 10/50 REYMA,REYMA,10.000000,74.100000,Subfamilia de Varios
3363,180514,CONTENEDOR 8X8 DIV 8/25 REYMA,REYMA,5.000000,91.600000,Subfamilia de Varios
3363,180753,CONTENEDOR 8X8 LISO 8/25 REYMA,REYMA,5.000000,28.900000,Subfamilia de Varios
3363,210079,VASO # 8 20/50PZ REYMA,REYMA,8.000000,380.392000,Subfamilia de Varios
3402,150014,SABRISURTIDO 1/30PZ ALEGRO,ALEGRO,5.000000,351.410000,BOTANAS
3402,210146,VASO # 732 20/15PZ CONVERMEX,CONVERMEX,10.000000,4.950000,Subfamilia de Varios
3402,180753,CONTENEDOR 8X8 LISO 8/25 REYMA,REYMA,10.000000,57.800000,Subfamilia de Varios
3402,180514,CONTENEDOR 8X8 DIV 8/25 REYMA,REYMA,10.000000,183.200000,Subfamilia de Varios
3402,180719,CHAROLA MARIEL 855 10/50 REYMA,REYMA,10.000000,74.100000,Subfamilia de Varios
3402,210079,VASO # 8 20/50PZ REYMA,REYMA,6.000000,285.294000,Subfamilia de Varios
3403,150014,SABRISURTIDO 1/30PZ ALEGRO,ALEGRO,5.000000,351.410000,BOTANAS
3403,210146,VASO # 732 20/15PZ CONVERMEX,CONVERMEX,10.000000,4.950000,Subfamilia de Varios
3403,180753,CONTENEDOR 8X8 LISO 8/25 REYMA,REYMA,10.000000,57.800000,Subfamilia de Varios
3403,180514,CONTENEDOR 8X8 DIV 8/25 REYMA,REYMA,10.000000,183.200000,Subfamilia de Varios
3403,180719,CHAROLA MARIEL 855 10/50 REYMA,REYMA,10.000000,74.100000,Subfamilia de Varios
3403,210079,VASO # 8 20/50PZ REYMA,REYMA,6.000000,285.294000,Subfamilia de Varios
3500,210146,VASO # 732 20/15PZ CONVERMEX,CONVERMEX,5.000000,2.475000,Subfamilia de Varios
3500,210079,VASO # 8 20/50PZ REYMA,REYMA,20.000000,950.980000,Subfamilia de Varios
3500,180719,CHAROLA MARIEL 855 10/50 REYMA,REYMA,10.000000,74.100000,Subfamilia de Varios
3500,180722,CHAROLA MARIEL 66 10/50 REYMA,REYMA,4.000000,23.000000,Subfamilia de Varios
3500,090082,BOMBON GIGANTE 15/400GR DLR,DLR,5.000000,61.500000,PRODUCTOS DE CONFITERIA
3500,090011,BOMBON CHOC.20/50PZ DLR,DLR,15.000000,20.340000,PRODUCTOS DE CONFITERIA
3500,150014,SABRISURTIDO 1/30PZ ALEGRO,ALEGRO,20.000000,1405.640000,BOTANAS
3501,210146,VASO # 732 20/15PZ CONVERMEX,CONVERMEX,5.000000,2.475000,Subfamilia de Varios
3501,210079,VASO # 8 20/50PZ REYMA,REYMA,20.000000,950.980000,Subfamilia de Varios
3501,180719,CHAROLA MARIEL 855 10/50 REYMA,REYMA,10.000000,74.100000,Subfamilia de Varios
3501,180722,CHAROLA MARIEL 66 10/50 REYMA,REYMA,4.000000,23.000000,Subfamilia de Varios
3501,090082,BOMBON GIGANTE 15/400GR DLR,DLR,5.000000,61.500000,PRODUCTOS DE CONFITERIA
3501,090011,BOMBON CHOC.20/50PZ DLR,DLR,15.000000,20.340000,PRODUCTOS DE CONFITERIA
3501,150014,SABRISURTIDO 1/30PZ ALEGRO,ALEGRO,20.000000,1405.640000,BOTANAS
3549,210146,VASO # 732 20/15PZ CONVERMEX,CONVERMEX,10.000000,4.950000,Subfamilia de Varios
3549,180719,CHAROLA MARIEL 855 10/50 REYMA,REYMA,10.000000,74.100000,Subfamilia de Varios
3549,180722,CHAROLA MARIEL 66 10/50 REYMA,REYMA,10.000000,57.500000,Subfamilia de Varios
3549,180514,CONTENEDOR 8X8 DIV 8/25 REYMA,REYMA,8.000000,146.560000,Subfamilia de Varios
3549,180753,CONTENEDOR 8X8 LISO 8/25 REYMA,REYMA,8.000000,46.240000,Subfamilia de Varios
3549,210079,VASO # 8 20/50PZ REYMA,REYMA,3.000000,142.647000,Subfamilia de Varios
3550,210146,VASO # 732 20/15PZ CONVERMEX,CONVERMEX,10.000000,4.950000,Subfamilia de Varios
3550,180719,CHAROLA MARIEL 855 10/50 REYMA,REYMA,10.000000,74.100000,Subfamilia de Varios
3550,180722,CHAROLA MARIEL 66 10/50 REYMA,REYMA,10.000000,57.500000,Subfamilia de Varios
3550,180514,CONTENEDOR 8X8 DIV 8/25 REYMA,REYMA,8.000000,146.560000,Subfamilia de Varios
3550,180753,CONTENEDOR 8X8 LISO 8/25 REYMA,REYMA,8.000000,46.240000,Subfamilia de Varios
3550,210079,VASO # 8 20/50PZ REYMA,REYMA,3.000000,142.647000,Subfamilia de Varios
3586,210079,VASO # 8 20/50PZ REYMA,REYMA,10.000000,475.490000,Subfamilia de Varios
3586,180514,CONTENEDOR 8X8 DIV 8/25 REYMA,REYMA,6.000000,109.920000,Subfamilia de Varios
3586,180719,CHAROLA MARIEL 855 10/50 REYMA,REYMA,9.000000,66.690000,Subfamilia de Varios
3586,180722,CHAROLA MARIEL 66 10/50 REYMA,REYMA,5.000000,28.750000,Subfamilia de Varios
3586,180753,CONTENEDOR 8X8 LISO 8/25 REYMA,REYMA,5.000000,28.900000,Subfamilia de Varios
3586,090082,BOMBON GIGANTE 15/400GR DLR,DLR,20.000000,246.000000,PRODUCTOS DE CONFITERIA
3586,090011,BOMBON CHOC.20/50PZ DLR,DLR,10.000000,13.560000,PRODUCTOS DE CONFITERIA
3586,150014,SABRISURTIDO 1/30PZ ALEGRO,ALEGRO,20.000000,1405.640000,BOTANAS
3587,210079,VASO # 8 20/50PZ REYMA,REYMA,10.000000,475.490000,Subfamilia de Varios
3587,180514,CONTENEDOR 8X8 DIV 8/25 REYMA,REYMA,6.000000,109.920000,Subfamilia de Varios
3587,180719,CHAROLA MARIEL 855 10/50 REYMA,REYMA,9.000000,66.690000,Subfamilia de Varios
3587,180722,CHAROLA MARIEL 66 10/50 REYMA,REYMA,5.000000,28.750000,Subfamilia de Varios
3587,180753,CONTENEDOR 8X8 LISO 8/25 REYMA,REYMA,5.000000,28.900000,Subfamilia de Varios
3587,090082,BOMBON GIGANTE 15/400GR DLR,DLR,20.000000,246.000000,PRODUCTOS DE CONFITERIA
3587,090011,BOMBON CHOC.20/50PZ DLR,DLR,10.000000,13.560000,PRODUCTOS DE CONFITERIA
3587,150014,SABRISURTIDO 1/30PZ ALEGRO,ALEGRO,20.000000,1405.640000,BOTANAS
3688,150014,SABRISURTIDO 1/30PZ ALEGRO,ALEGRO,20.000000,1405.640000,BOTANAS
3688,090082,BOMBON GIGANTE 15/400GR DLR,DLR,10.000000,123.000000,PRODUCTOS DE CONFITERIA
3688,210146,VASO # 732 20/15PZ CONVERMEX,CONVERMEX,5.000000,2.475000,Subfamilia de Varios
3688,210079,VASO # 8 20/50PZ REYMA,REYMA,10.000000,475.490000,Subfamilia de Varios
3688,180514,CONTENEDOR 8X8 DIV 8/25 REYMA,REYMA,6.000000,109.920000,Subfamilia de Varios
3688,180719,CHAROLA MARIEL 855 10/50 REYMA,REYMA,10.000000,74.100000,Subfamilia de Varios
3688,180753,CONTENEDOR 8X8 LISO 8/25 REYMA,REYMA,6.000000,34.680000,Subfamilia de Varios
3689,150014,SABRISURTIDO 1/30PZ ALEGRO,ALEGRO,20.000000,1405.640000,BOTANAS
3689,090082,BOMBON GIGANTE 15/400GR DLR,DLR,10.000000,123.000000,PRODUCTOS DE CONFITERIA
3689,210146,VASO # 732 20/15PZ CONVERMEX,CONVERMEX,5.000000,2.475000,Subfamilia de Varios
3689,210079,VASO # 8 20/50PZ REYMA,REYMA,10.000000,475.490000,Subfamilia de Varios
3689,180514,CONTENEDOR 8X8 DIV 8/25 REYMA,REYMA,6.000000,109.920000,Subfamilia de Varios
3689,180719,CHAROLA MARIEL 855 10/50 REYMA,REYMA,10.000000,74.100000,Subfamilia de Varios
3689,180753,CONTENEDOR 8X8 LISO 8/25 REYMA,REYMA,6.000000,34.680000,Subfamilia de Varios
3747,210146,VASO # 732 20/15PZ CONVERMEX,CONVERMEX,15.000000,7.425000,Subfamilia de Varios
3747,210079,VASO # 8 20/50PZ REYMA,REYMA,20.000000,950.980000,Subfamilia de Varios
3747,180514,CONTENEDOR 8X8 DIV 8/25 REYMA,REYMA,3.000000,54.960000,Subfamilia de Varios
3747,180719,CHAROLA MARIEL 855 10/50 REYMA,REYMA,5.000000,37.050000,Subfamilia de Varios
3747,180722,CHAROLA MARIEL 66 10/50 REYMA,REYMA,5.000000,28.750000,Subfamilia de Varios
3747,180753,CONTENEDOR 8X8 LISO 8/25 REYMA,REYMA,4.000000,23.120000,Subfamilia de Varios
3747,150014,SABRISURTIDO 1/30PZ ALEGRO,ALEGRO,15.000000,1054.230000,BOTANAS
3748,210146,VASO # 732 20/15PZ CONVERMEX,CONVERMEX,15.000000,7.425000,Subfamilia de Varios
3748,210079,VASO # 8 20/50PZ REYMA,REYMA,20.000000,950.980000,Subfamilia de Varios
3748,180514,CONTENEDOR 8X8 DIV 8/25 REYMA,REYMA,3.000000,54.960000,Subfamilia de Varios
3748,180719,CHAROLA MARIEL 855 10/50 REYMA,REYMA,5.000000,37.050000,Subfamilia de Varios
3748,180722,CHAROLA MARIEL 66 10/50 REYMA,REYMA,5.000000,28.750000,Subfamilia de Varios
3748,180753,CONTENEDOR 8X8 LISO 8/25 REYMA,REYMA,4.000000,23.120000,Subfamilia de Varios
3748,150014,SABRISURTIDO 1/30PZ ALEGRO,ALEGRO,15.000000,1054.230000,BOTANAS
3753,180719,CHAROLA MARIEL 855 10/50 REYMA,REYMA,7.000000,51.870000,Subfamilia de Varios
3753,180722,CHAROLA MARIEL 66 10/50 REYMA,REYMA,1.000000,5.750000,Subfamilia de Varios
3753,210146,VASO # 732 20/15PZ CONVERMEX,CONVERMEX,2.000000,0.990000,Subfamilia de Varios
3753,180514,CONTENEDOR 8X8 DIV 8/25 REYMA,REYMA,1.000000,18.320000,Subfamilia de Varios
3753,180753,CONTENEDOR 8X8 LISO 8/25 REYMA,REYMA,1.000000,5.780000,Subfamilia de Varios
3753,210079,VASO # 8 20/50PZ REYMA,REYMA,1.000000,47.549000,Subfamilia de Varios
3754,180719,CHAROLA MARIEL 855 10/50 REYMA,REYMA,7.000000,51.870000,Subfamilia de Varios
3754,180722,CHAROLA MARIEL 66 10/50 REYMA,REYMA,1.000000,5.750000,Subfamilia de Varios
3754,210146,VASO # 732 20/15PZ CONVERMEX,CONVERMEX,2.000000,0.990000,Subfamilia de Varios
3754,180514,CONTENEDOR 8X8 DIV 8/25 REYMA,REYMA,1.000000,18.320000,Subfamilia de Varios
3754,180753,CONTENEDOR 8X8 LISO 8/25 REYMA,REYMA,1.000000,5.780000,Subfamilia de Varios
3754,210079,VASO # 8 20/50PZ REYMA,REYMA,1.000000,47.549000,Subfamilia de Varios
3925,210146,VASO # 732 20/15PZ CONVERMEX,CONVERMEX,3.000000,1.485000,Subfamilia de Varios
3925,180719,CHAROLA MARIEL 855 10/50 REYMA,REYMA,10.000000,74.100000,Subfamilia de Varios
3925,180722,CHAROLA MARIEL 66 10/50 REYMA,REYMA,3.000000,17.250000,Subfamilia de Varios
3925,210079,VASO # 8 20/50PZ REYMA,REYMA,6.000000,285.294000,Subfamilia de Varios
3925,180753,CONTENEDOR 8X8 LISO 8/25 REYMA,REYMA,5.000000,28.900000,Subfamilia de Varios
3925,180514,CONTENEDOR 8X8 DIV 8/25 REYMA,REYMA,3.000000,54.960000,Subfamilia de Varios
3926,210146,VASO # 732 20/15PZ CONVERMEX,CONVERMEX,3.000000,1.485000,Subfamilia de Varios
3926,180719,CHAROLA MARIEL 855 10/50 REYMA,REYMA,10.000000,74.100000,Subfamilia de Varios
3926,180722,CHAROLA MARIEL 66 10/50 REYMA,REYMA,3.000000,17.250000,Subfamilia de Varios
3926,210079,VASO # 8 20/50PZ REYMA,REYMA,6.000000,285.294000,Subfamilia de Varios
3926,180753,CONTENEDOR 8X8 LISO 8/25 REYMA,REYMA,5.000000,28.900000,Subfamilia de Varios
3926,180514,CONTENEDOR 8X8 DIV 8/25 REYMA,REYMA,3.000000,54.960000,Subfamilia de Varios
4097,210146,VASO # 732 20/15PZ CONVERMEX,CONVERMEX,8.000000,3.960000,Subfamilia de Varios
4097,210079,VASO # 8 20/50PZ REYMA,REYMA,20.000000,950.980000,Subfamilia de Varios
4097,180514,CONTENEDOR 8X8 DIV 8/25 REYMA,REYMA,3.000000,54.960000,Subfamilia de Varios
4097,180719,CHAROLA MARIEL 855 10/50 REYMA,REYMA,20.000000,148.200000,Subfamilia de Varios
4097,180722,CHAROLA MARIEL 66 10/50 REYMA,REYMA,10.000000,57.500000,Subfamilia de Varios
4097,180753,CONTENEDOR 8X8 LISO 8/25 REYMA,REYMA,3.000000,17.340000,Subfamilia de Varios
4097,150014,SABRISURTIDO 1/30PZ ALEGRO,ALEGRO,43.000000,3022.126000,BOTANAS
4098,150014,SABRISURTIDO 1/30PZ ALEGRO,ALEGRO,43.000000,3022.126000,BOTANAS
4098,210146,VASO # 732 20/15PZ CONVERMEX,CONVERMEX,8.000000,3.960000,Subfamilia de Varios
4098,210079,VASO # 8 20/50PZ REYMA,REYMA,20.000000,950.980000,Subfamilia de Varios
4098,180514,CONTENEDOR 8X8 DIV 8/25 REYMA,REYMA,3.000000,54.960000,Subfamilia de Varios
4098,180719,CHAROLA MARIEL 855 10/50 REYMA,REYMA,20.000000,148.200000,Subfamilia de Varios
4098,180722,CHAROLA MARIEL 66 10/50 REYMA,REYMA,10.000000,57.500000,Subfamilia de Varios
4098,180753,CONTENEDOR 8X8 LISO 8/25 REYMA,REYMA,3.000000,17.340000,Subfamilia de Varios
4207,180514,CONTENEDOR 8X8 DIV 8/25 REYMA,REYMA,4.000000,73.280000,Subfamilia de Varios
4207,180719,CHAROLA MARIEL 855 10/50 REYMA,REYMA,10.000000,74.100000,Subfamilia de Varios
4207,180753,CONTENEDOR 8X8 LISO 8/25 REYMA,REYMA,3.000000,17.340000,Subfamilia de Varios
4207,210146,VASO # 732 20/15PZ CONVERMEX,CONVERMEX,5.000000,2.475000,Subfamilia de Varios
4207,090082,BOMBON GIGANTE 15/400GR DLR,DLR,10.000000,123.000000,PRODUCTOS DE CONFITERIA
4207,090011,BOMBON CHOC.20/50PZ DLR,DLR,15.000000,20.340000,PRODUCTOS DE CONFITERIA
4207,150014,SABRISURTIDO 1/30PZ ALEGRO,ALEGRO,10.000000,702.820000,BOTANAS
4208,180514,CONTENEDOR 8X8 DIV 8/25 REYMA,REYMA,4.000000,73.280000,Subfamilia de Varios
4208,180719,CHAROLA MARIEL 855 10/50 REYMA,REYMA,10.000000,74.100000,Subfamilia de Varios
4208,180753,CONTENEDOR 8X8 LISO 8/25 REYMA,REYMA,3.000000,17.340000,Subfamilia de Varios
4208,210146,VASO # 732 20/15PZ CONVERMEX,CONVERMEX,5.000000,2.475000,Subfamilia de Varios
4208,090082,BOMBON GIGANTE 15/400GR DLR,DLR,10.000000,123.000000,PRODUCTOS DE CONFITERIA
4208,090011,BOMBON CHOC.20/50PZ DLR,DLR,15.000000,20.340000,PRODUCTOS DE CONFITERIA
4208,150014,SABRISURTIDO 1/30PZ ALEGRO,ALEGRO,10.000000,702.820000,BOTANAS
4314,090082,BOMBON GIGANTE 15/400GR DLR,DLR,1.000000,12.300000,PRODUCTOS DE CONFITERIA
4314,210146,VASO # 732 20/15PZ CONVERMEX,CONVERMEX,1.000000,0.495000,Subfamilia de Varios
4314,180722,CHAROLA MARIEL 66 10/50 REYMA,REYMA,8.000000,46.000000,Subfamilia de Varios
4314,180719,CHAROLA MARIEL 855 10/50 REYMA,REYMA,10.000000,74.100000,Subfamilia de Varios
4314,180514,CONTENEDOR 8X8 DIV 8/25 REYMA,REYMA,1.000000,18.320000,Subfamilia de Varios
4314,180753,CONTENEDOR 8X8 LISO 8/25 REYMA,REYMA,1.000000,5.780000,Subfamilia de Varios
4315,090082,BOMBON GIGANTE 15/400GR DLR,DLR,1.000000,12.300000,PRODUCTOS DE CONFITERIA
4315,210146,VASO # 732 20/15PZ CONVERMEX,CONVERMEX,1.000000,0.495000,Subfamilia de Varios
4315,180722,CHAROLA MARIEL 66 10/50 REYMA,REYMA,8.000000,46.000000,Subfamilia de Varios
4315,180719,CHAROLA MARIEL 855 10/50 REYMA,REYMA,10.000000,74.100000,Subfamilia de Varios
4315,180514,CONTENEDOR 8X8 DIV 8/25 REYMA,REYMA,1.000000,18.320000,Subfamilia de Varios
4315,180753,CONTENEDOR 8X8 LISO 8/25 REYMA,REYMA,1.000000,5.780000,Subfamilia de Varios
4386,150014,SABRISURTIDO 1/30PZ ALEGRO,ALEGRO,5.000000,351.410000,BOTANAS
4386,210146,VASO # 732 20/15PZ CONVERMEX,CONVERMEX,6.000000,2.970000,Subfamilia de Varios
4386,180753,CONTENEDOR 8X8 LISO 8/25 REYMA,REYMA,10.000000,57.800000,Subfamilia de Varios
4386,180514,CONTENEDOR 8X8 DIV 8/25 REYMA,REYMA,8.000000,146.560000,Subfamilia de Varios
4386,180719,CHAROLA MARIEL 855 10/50 REYMA,REYMA,5.000000,37.050000,Subfamilia de Varios
4386,210079,VASO # 8 20/50PZ REYMA,REYMA,7.000000,332.843000,Subfamilia de Varios
4387,150014,SABRISURTIDO 1/30PZ ALEGRO,ALEGRO,5.000000,351.410000,BOTANAS
4387,210146,VASO # 732 20/15PZ CONVERMEX,CONVERMEX,6.000000,2.970000,Subfamilia de Varios
4387,180753,CONTENEDOR 8X8 LISO 8/25 REYMA,REYMA,10.000000,57.800000,Subfamilia de Varios
4387,180514,CONTENEDOR 8X8 DIV 8/25 REYMA,REYMA,8.000000,146.560000,Subfamilia de Varios
4387,180719,CHAROLA MARIEL 855 10/50 REYMA,REYMA,5.000000,37.050000,Subfamilia de Varios
4387,210079,VASO # 8 20/50PZ REYMA,REYMA,7.000000,332.843000,Subfamilia de Varios
4440,210146,VASO # 732 20/15PZ CONVERMEX,CONVERMEX,4.000000,1.980000,Subfamilia de Varios
4440,210079,VASO # 8 20/50PZ REYMA,REYMA,30.000000,1426.470000,Subfamilia de Varios
4440,180719,CHAROLA MARIEL 855 10/50 REYMA,REYMA,10.000000,74.100000,Subfamilia de Varios
4440,180753,CONTENEDOR 8X8 LISO 8/25 REYMA,REYMA,2.000000,11.560000,Subfamilia de Varios
4440,180514,CONTENEDOR 8X8 DIV 8/25 REYMA,REYMA,2.000000,36.640000,Subfamilia de Varios
4440,090082,BOMBON GIGANTE 15/400GR DLR,DLR,20.000000,246.000000,PRODUCTOS DE CONFITERIA
4440,090011,BOMBON CHOC.20/50PZ DLR,DLR,15.000000,20.340000,PRODUCTOS DE CONFITERIA
4441,210146,VASO # 732 20/15PZ CONVERMEX,CONVERMEX,4.000000,1.980000,Subfamilia de Varios
4441,210079,VASO # 8 20/50PZ REYMA,REYMA,30.000000,1426.470000,Subfamilia de Varios
4441,180719,CHAROLA MARIEL 855 10/50 REYMA,REYMA,10.000000,74.100000,Subfamilia de Varios
4441,180753,CONTENEDOR 8X8 LISO 8/25 REYMA,REYMA,2.000000,11.560000,Subfamilia de Varios
4441,180514,CONTENEDOR 8X8 DIV 8/25 REYMA,REYMA,2.000000,36.640000,Subfamilia de Varios
4441,090082,BOMBON GIGANTE 15/400GR DLR,DLR,20.000000,246.000000,PRODUCTOS DE CONFITERIA
4441,090011,BOMBON CHOC.20/50PZ DLR,DLR,15.000000,20.340000,PRODUCTOS DE CONFITERIA
4504,210146,VASO # 732 20/15PZ CONVERMEX,CONVERMEX,10.000000,4.950000,Subfamilia de Varios
4504,210079,VASO # 8 20/50PZ REYMA,REYMA,4.000000,190.196000,Subfamilia de Varios
4504,180719,CHAROLA MARIEL 855 10/50 REYMA,REYMA,10.000000,74.100000,Subfamilia de Varios
4504,180722,CHAROLA MARIEL 66 10/50 REYMA,REYMA,8.000000,46.000000,Subfamilia de Varios
4504,180514,CONTENEDOR 8X8 DIV 8/25 REYMA,REYMA,3.000000,54.960000,Subfamilia de Varios
4504,150014,SABRISURTIDO 1/30PZ ALEGRO,ALEGRO,25.000000,1757.050000,BOTANAS
4505,210146,VASO # 732 20/15PZ CONVERMEX,CONVERMEX,10.000000,4.950000,Subfamilia de Varios
4505,210079,VASO # 8 20/50PZ REYMA,REYMA,4.000000,190.196000,Subfamilia de Varios
4505,180719,CHAROLA MARIEL 855 10/50 REYMA,REYMA,10.000000,74.100000,Subfamilia de Varios
4505,180722,CHAROLA MARIEL 66 10/50 REYMA,REYMA,8.000000,46.000000,Subfamilia de Varios
4505,180514,CONTENEDOR 8X8 DIV 8/25 REYMA,REYMA,3.000000,54.960000,Subfamilia de Varios
4505,150014,SABRISURTIDO 1/30PZ ALEGRO,ALEGRO,25.000000,1757.050000,BOTANAS
4563,210146,VASO # 732 20/15PZ CONVERMEX,CONVERMEX,10.000000,4.950000,Subfamilia de Varios
4563,210079,VASO # 8 20/50PZ REYMA,REYMA,5.000000,237.745000,Subfamilia de Varios
4563,180719,CHAROLA MARIEL 855 10/50 REYMA,REYMA,8.000000,59.280000,Subfamilia de Varios
4563,180722,CHAROLA MARIEL 66 10/50 REYMA,REYMA,8.000000,46.000000,Subfamilia de Varios
4563,180753,CONTENEDOR 8X8 LISO 8/25 REYMA,REYMA,4.000000,23.120000,Subfamilia de Varios
4563,150014,SABRISURTIDO 1/30PZ ALEGRO,ALEGRO,15.000000,1054.230000,BOTANAS
4564,210146,VASO # 732 20/15PZ CONVERMEX,CONVERMEX,10.000000,4.950000,Subfamilia de Varios
4564,210079,VASO # 8 20/50PZ REYMA,REYMA,5.000000,237.745000,Subfamilia de Varios
4564,180719,CHAROLA MARIEL 855 10/50 REYMA,REYMA,8.000000,59.280000,Subfamilia de Varios
4564,180722,CHAROLA MARIEL 66 10/50 REYMA,REYMA,8.000000,46.000000,Subfamilia de Varios
4564,180753,CONTENEDOR 8X8 LISO 8/25 REYMA,REYMA,4.000000,23.120000,Subfamilia de Varios
4564,150014,SABRISURTIDO 1/30PZ ALEGRO,ALEGRO,15.000000,1054.230000,BOTANAS
4676,210146,VASO # 732 20/15PZ CONVERMEX,CONVERMEX,5.000000,2.475000,Subfamilia de Varios
4676,210079,VASO # 8 20/50PZ REYMA,REYMA,25.000000,1188.725000,Subfamilia de Varios
4676,180719,CHAROLA MARIEL 855 10/50 REYMA,REYMA,8.000000,59.280000,Subfamilia de Varios
4676,180722,CHAROLA MARIEL 66 10/50 REYMA,REYMA,8.000000,46.000000,Subfamilia de Varios
4676,180753,CONTENEDOR 8X8 LISO 8/25 REYMA,REYMA,3.000000,17.340000,Subfamilia de Varios
4676,180514,CONTENEDOR 8X8 DIV 8/25 REYMA,REYMA,4.000000,73.280000,Subfamilia de Varios
4677,210146,VASO # 732 20/15PZ CONVERMEX,CONVERMEX,5.000000,2.475000,Subfamilia de Varios
4677,210079,VASO # 8 20/50PZ REYMA,REYMA,25.000000,1188.725000,Subfamilia de Varios
4677,180719,CHAROLA MARIEL 855 10/50 REYMA,REYMA,8.000000,59.280000,Subfamilia de Varios
4677,180722,CHAROLA MARIEL 66 10/50 REYMA,REYMA,8.000000,46.000000,Subfamilia de Varios
4677,180753,CONTENEDOR 8X8 LISO 8/25 REYMA,REYMA,3.000000,17.340000,Subfamilia de Varios
4677,180514,CONTENEDOR 8X8 DIV 8/25 REYMA,REYMA,4.000000,73.280000,Subfamilia de Varios
4734,210079,VASO # 8 20/50PZ REYMA,REYMA,8.000000,380.392000,Subfamilia de Varios
4734,180722,CHAROLA MARIEL 66 10/50 REYMA,REYMA,5.000000,28.750000,Subfamilia de Varios
4734,210146,VASO # 732 20/15PZ CONVERMEX,CONVERMEX,3.000000,1.485000,Subfamilia de Varios
4734,180719,CHAROLA MARIEL 855 10/50 REYMA,REYMA,10.000000,74.100000,Subfamilia de Varios
4734,180514,CONTENEDOR 8X8 DIV 8/25 REYMA,REYMA,5.000000,91.600000,Subfamilia de Varios
4734,180753,CONTENEDOR 8X8 LISO 8/25 REYMA,REYMA,5.000000,28.900000,Subfamilia de Varios
4735,210146,VASO # 732 20/15PZ CONVERMEX,CONVERMEX,3.000000,1.485000,Subfamilia de Varios
4735,180719,CHAROLA MARIEL 855 10/50 REYMA,REYMA,10.000000,74.100000,Subfamilia de Varios
4735,180514,CONTENEDOR 8X8 DIV 8/25 REYMA,REYMA,5.000000,91.600000,Subfamilia de Varios
4735,180753,CONTENEDOR 8X8 LISO 8/25 REYMA,REYMA,5.000000,28.900000,Subfamilia de Varios
4735,210079,VASO # 8 20/50PZ REYMA,REYMA,8.000000,380.392000,Subfamilia de Varios
4735,180722,CHAROLA MARIEL 66 10/50 REYMA,REYMA,5.000000,28.750000,Subfamilia de Varios
4763,210146,VASO # 732 20/15PZ CONVERMEX,CONVERMEX,7.000000,3.465000,Subfamilia de Varios
4763,210079,VASO # 8 20/50PZ REYMA,REYMA,4.000000,190.196000,Subfamilia de Varios
4763,180719,CHAROLA MARIEL 855 10/50 REYMA,REYMA,10.000000,74.100000,Subfamilia de Varios
4763,180753,CONTENEDOR 8X8 LISO 8/25 REYMA,REYMA,4.000000,23.120000,Subfamilia de Varios
4763,180514,CONTENEDOR 8X8 DIV 8/25 REYMA,REYMA,3.000000,54.960000,Subfamilia de Varios
4763,150014,SABRISURTIDO 1/30PZ ALEGRO,ALEGRO,10.000000,702.820000,BOTANAS
4764,210146,VASO # 732 20/15PZ CONVERMEX,CONVERMEX,7.000000,3.465000,Subfamilia de Varios
4764,210079,VASO # 8 20/50PZ REYMA,REYMA,4.000000,190.196000,Subfamilia de Varios
4764,180719,CHAROLA MARIEL 855 10/50 REYMA,REYMA,10.000000,74.100000,Subfamilia de Varios
4764,180753,CONTENEDOR 8X8 LISO 8/25 REYMA,REYMA,4.000000,23.120000,Subfamilia de Varios
4764,180514,CONTENEDOR 8X8 DIV 8/25 REYMA,REYMA,3.000000,54.960000,Subfamilia de Varios
4764,150014,SABRISURTIDO 1/30PZ ALEGRO,ALEGRO,10.000000,702.820000,BOTANAS
4863,210079,VASO # 8 20/50PZ REYMA,REYMA,16.000000,753.184000,Subfamilia de Varios
4863,180719,CHAROLA MARIEL 855 10/50 REYMA,REYMA,8.000000,58.688000,Subfamilia de Varios
4863,180753,CONTENEDOR 8X8 LISO 8/25 REYMA,REYMA,2.000000,11.444000,Subfamilia de Varios
4863,180514,CONTENEDOR 8X8 DIV 8/25 REYMA,REYMA,2.000000,36.274000,Subfamilia de Varios
4863,150014,SABRISURTIDO 1/30PZ ALEGRO,ALEGRO,10.000000,702.820000,BOTANAS
4863,210146,VASO # 732 20/15PZ CONVERMEX,CONVERMEX,10.000000,4.950000,Subfamilia de Varios
4864,210146,VASO # 732 20/15PZ CONVERMEX,CONVERMEX,10.000000,4.950000,Subfamilia de Varios
4864,210079,VASO # 8 20/50PZ REYMA,REYMA,16.000000,753.184000,Subfamilia de Varios
4864,180719,CHAROLA MARIEL 855 10/50 REYMA,REYMA,8.000000,58.688000,Subfamilia de Varios
4864,180753,CONTENEDOR 8X8 LISO 8/25 REYMA,REYMA,2.000000,11.444000,Subfamilia de Varios
4864,180514,CONTENEDOR 8X8 DIV 8/25 REYMA,REYMA,2.000000,36.274000,Subfamilia de Varios
4864,150014,SABRISURTIDO 1/30PZ ALEGRO,ALEGRO,10.000000,702.820000,BOTANAS
4934,210146,VASO # 732 20/15PZ CONVERMEX,CONVERMEX,4.000000,1.980000,Subfamilia de Varios
4934,210079,VASO # 8 20/50PZ REYMA,REYMA,30.000000,1412.220000,Subfamilia de Varios
4934,180753,CONTENEDOR 8X8 LISO 8/25 REYMA,REYMA,4.000000,22.888000,Subfamilia de Varios
4934,180514,CONTENEDOR 8X8 DIV 8/25 REYMA,REYMA,4.000000,72.548000,Subfamilia de Varios
4934,090082,BOMBON GIGANTE 15/400GR DLR,DLR,15.000000,184.500000,PRODUCTOS DE CONFITERIA
4934,090011,BOMBON CHOC.20/50PZ DLR,DLR,5.000000,6.780000,PRODUCTOS DE CONFITERIA
4934,150014,SABRISURTIDO 1/30PZ ALEGRO,ALEGRO,20.000000,1405.640000,BOTANAS
4935,210146,VASO # 732 20/15PZ CONVERMEX,CONVERMEX,4.000000,1.980000,Subfamilia de Varios
4935,210079,VASO # 8 20/50PZ REYMA,REYMA,30.000000,1412.220000,Subfamilia de Varios
4935,180753,CONTENEDOR 8X8 LISO 8/25 REYMA,REYMA,4.000000,22.888000,Subfamilia de Varios
4935,180514,CONTENEDOR 8X8 DIV 8/25 REYMA,REYMA,4.000000,72.548000,Subfamilia de Varios
4935,090082,BOMBON GIGANTE 15/400GR DLR,DLR,15.000000,184.500000,PRODUCTOS DE CONFITERIA
4935,090011,BOMBON CHOC.20/50PZ DLR,DLR,5.000000,6.780000,PRODUCTOS DE CONFITERIA
4935,150014,SABRISURTIDO 1/30PZ ALEGRO,ALEGRO,20.000000,1405.640000,BOTANAS
5062,210146,VASO # 732 20/15PZ CONVERMEX,CONVERMEX,10.000000,4.950000,Subfamilia de Varios
5062,180719,CHAROLA MARIEL 855 10/50 REYMA,REYMA,5.000000,36.680000,Subfamilia de Varios
5062,180722,CHAROLA MARIEL 66 10/50 REYMA,REYMA,4.000000,23.000000,Subfamilia de Varios
5062,180514,CONTENEDOR 8X8 DIV 8/25 REYMA,REYMA,8.000000,145.096000,Subfamilia de Varios
5062,180753,CONTENEDOR 8X8 LISO 8/25 REYMA,REYMA,5.000000,28.610000,Subfamilia de Varios
5062,210079,VASO # 8 20/50PZ REYMA,REYMA,6.000000,282.444000,Subfamilia de Varios
5063,210146,VASO # 732 20/15PZ CONVERMEX,CONVERMEX,10.000000,4.950000,Subfamilia de Varios
5063,180719,CHAROLA MARIEL 855 10/50 REYMA,REYMA,5.000000,36.680000,Subfamilia de Varios
5063,180722,CHAROLA MARIEL 66 10/50 REYMA,REYMA,4.000000,23.000000,Subfamilia de Varios
5063,180514,CONTENEDOR 8X8 DIV 8/25 REYMA,REYMA,8.000000,145.096000,Subfamilia de Varios
5063,180753,CONTENEDOR 8X8 LISO 8/25 REYMA,REYMA,5.000000,28.610000,Subfamilia de Varios
5063,210079,VASO # 8 20/50PZ REYMA,REYMA,6.000000,282.444000,Subfamilia de Varios
5157,090082,BOMBON GIGANTE 15/400GR DLR,DLR,30.000000,369.000000,PRODUCTOS DE CONFITERIA
5157,090011,BOMBON CHOC.20/50PZ DLR,DLR,20.000000,27.120000,PRODUCTOS DE CONFITERIA
5157,180719,CHAROLA MARIEL 855 10/50 REYMA,REYMA,10.000000,73.360000,Subfamilia de Varios
5157,180753,CONTENEDOR 8X8 LISO 8/25 REYMA,REYMA,3.000000,17.166000,Subfamilia de Varios
5157,180514,CONTENEDOR 8X8 DIV 8/25 REYMA,REYMA,3.000000,54.411000,Subfamilia de Varios
5157,150014,SABRISURTIDO 1/30PZ ALEGRO,ALEGRO,15.000000,1054.230000,BOTANAS
5158,090082,BOMBON GIGANTE 15/400GR DLR,DLR,30.000000,369.000000,PRODUCTOS DE CONFITERIA
5158,090011,BOMBON CHOC.20/50PZ DLR,DLR,20.000000,27.120000,PRODUCTOS DE CONFITERIA
5158,180719,CHAROLA MARIEL 855 10/50 REYMA,REYMA,10.000000,73.360000,Subfamilia de Varios
5158,180753,CONTENEDOR 8X8 LISO 8/25 REYMA,REYMA,3.000000,17.166000,Subfamilia de Varios
5158,180514,CONTENEDOR 8X8 DIV 8/25 REYMA,REYMA,3.000000,54.411000,Subfamilia de Varios
5158,150014,SABRISURTIDO 1/30PZ ALEGRO,ALEGRO,15.000000,1054.230000,BOTANAS
5209,210146,VASO # 732 20/15PZ CONVERMEX,CONVERMEX,10.000000,4.950000,Subfamilia de Varios
5209,180719,CHAROLA MARIEL 855 10/50 REYMA,REYMA,5.000000,36.680000,Subfamilia de Varios
5209,180722,CHAROLA MARIEL 66 10/50 REYMA,REYMA,5.000000,28.750000,Subfamilia de Varios
5209,180514,CONTENEDOR 8X8 DIV 8/25 REYMA,REYMA,3.000000,54.411000,Subfamilia de Varios
5209,180753,CONTENEDOR 8X8 LISO 8/25 REYMA,REYMA,3.000000,17.166000,Subfamilia de Varios
5209,210079,VASO # 8 20/50PZ REYMA,REYMA,5.000000,235.370000,Subfamilia de Varios
5210,210146,VASO # 732 20/15PZ CONVERMEX,CONVERMEX,10.000000,4.950000,Subfamilia de Varios
5210,180719,CHAROLA MARIEL 855 10/50 REYMA,REYMA,5.000000,36.680000,Subfamilia de Varios
5210,180722,CHAROLA MARIEL 66 10/50 REYMA,REYMA,5.000000,28.750000,Subfamilia de Varios
5210,180514,CONTENEDOR 8X8 DIV 8/25 REYMA,REYMA,3.000000,54.411000,Subfamilia de Varios
5210,180753,CONTENEDOR 8X8 LISO 8/25 REYMA,REYMA,3.000000,17.166000,Subfamilia de Varios
5210,210079,VASO # 8 20/50PZ REYMA,REYMA,5.000000,235.370000,Subfamilia de Varios
5682,210146,VASO # 732 20/15PZ CONVERMEX,CONVERMEX,6.000000,2.970000,Subfamilia de Varios
5682,210079,VASO # 8 20/50PZ REYMA,REYMA,20.000000,941.480000,Subfamilia de Varios
5682,180719,CHAROLA MARIEL 855 10/50 REYMA,REYMA,9.000000,66.024000,Subfamilia de Varios
5682,180753,CONTENEDOR 8X8 LISO 8/25 REYMA,REYMA,3.000000,17.166000,Subfamilia de Varios
5682,180514,CONTENEDOR 8X8 DIV 8/25 REYMA,REYMA,3.000000,54.411000,Subfamilia de Varios
5682,090082,BOMBON GIGANTE 15/400GR DLR,DLR,15.000000,184.500000,PRODUCTOS DE CONFITERIA
5682,090011,BOMBON CHOC.20/50PZ DLR,DLR,10.000000,13.560000,PRODUCTOS DE CONFITERIA
5683,210146,VASO # 732 20/15PZ CONVERMEX,CONVERMEX,6.000000,2.970000,Subfamilia de Varios
5683,210079,VASO # 8 20/50PZ REYMA,REYMA,20.000000,941.480000,Subfamilia de Varios
5683,180719,CHAROLA MARIEL 855 10/50 REYMA,REYMA,9.000000,66.024000,Subfamilia de Varios
5683,180753,CONTENEDOR 8X8 LISO 8/25 REYMA,REYMA,3.000000,17.166000,Subfamilia de Varios
5683,180514,CONTENEDOR 8X8 DIV 8/25 REYMA,REYMA,3.000000,54.411000,Subfamilia de Varios
5683,090082,BOMBON GIGANTE 15/400GR DLR,DLR,15.000000,184.500000,PRODUCTOS DE CONFITERIA
5683,090011,BOMBON CHOC.20/50PZ DLR,DLR,10.000000,13.560000,PRODUCTOS DE CONFITERIA
5882,210079,VASO # 8 20/50PZ REYMA,REYMA,15.000000,706.110000,Subfamilia de Varios
5882,180719,CHAROLA MARIEL 855 10/50 REYMA,REYMA,10.000000,73.360000,Subfamilia de Varios
5882,180753,CONTENEDOR 8X8 LISO 8/25 REYMA,REYMA,6.000000,34.332000,Subfamilia de Varios
5882,180514,CONTENEDOR 8X8 DIV 8/25 REYMA,REYMA,6.000000,108.822000,Subfamilia de Varios
5882,150014,SABRISURTIDO 1/30PZ ALEGRO,ALEGRO,10.000000,702.820000,BOTANAS
5882,090082,BOMBON GIGANTE 15/400GR DLR,DLR,10.000000,123.000000,PRODUCTOS DE CONFITERIA
5882,090011,BOMBON CHOC.20/50PZ DLR,DLR,10.000000,13.560000,PRODUCTOS DE CONFITERIA
5882,210146,VASO # 732 20/15PZ CONVERMEX,CONVERMEX,14.000000,6.930000,Subfamilia de Varios
5883,210146,VASO # 732 20/15PZ CONVERMEX,CONVERMEX,14.000000,6.930000,Subfamilia de Varios
5883,210079,VASO # 8 20/50PZ REYMA,REYMA,15.000000,706.110000,Subfamilia de Varios
5883,180719,CHAROLA MARIEL 855 10/50 REYMA,REYMA,10.000000,73.360000,Subfamilia de Varios
5883,180753,CONTENEDOR 8X8 LISO 8/25 REYMA,REYMA,6.000000,34.332000,Subfamilia de Varios
5883,180514,CONTENEDOR 8X8 DIV 8/25 REYMA,REYMA,6.000000,108.822000,Subfamilia de Varios
5883,150014,SABRISURTIDO 1/30PZ ALEGRO,ALEGRO,10.000000,702.820000,BOTANAS
5883,090082,BOMBON GIGANTE 15/400GR DLR,DLR,10.000000,123.000000,PRODUCTOS DE CONFITERIA
5883,090011,BOMBON CHOC.20/50PZ DLR,DLR,10.000000,13.560000,PRODUCTOS DE CONFITERIA
6151,210146,VASO # 732 20/15PZ CONVERMEX,CONVERMEX,5.000000,2.475000,Subfamilia de Varios
6151,180722,CHAROLA MARIEL 66 10/50 REYMA,REYMA,10.000000,57.500000,Subfamilia de Varios
6151,180719,CHAROLA MARIEL 855 10/50 REYMA,REYMA,10.000000,73.360000,Subfamilia de Varios
6151,180514,CONTENEDOR 8X8 DIV 8/25 REYMA,REYMA,5.000000,90.685000,Subfamilia de Varios
6151,180753,CONTENEDOR 8X8 LISO 8/25 REYMA,REYMA,3.000000,17.166000,Subfamilia de Varios
6151,210079,VASO # 8 20/50PZ REYMA,REYMA,8.000000,376.592000,Subfamilia de Varios
6152,210146,VASO # 732 20/15PZ CONVERMEX,CONVERMEX,5.000000,2.475000,Subfamilia de Varios
6152,180722,CHAROLA MARIEL 66 10/50 REYMA,REYMA,10.000000,57.500000,Subfamilia de Varios
6152,180719,CHAROLA MARIEL 855 10/50 REYMA,REYMA,10.000000,73.360000,Subfamilia de Varios
6152,180514,CONTENEDOR 8X8 DIV 8/25 REYMA,REYMA,5.000000,90.685000,Subfamilia de Varios
6152,180753,CONTENEDOR 8X8 LISO 8/25 REYMA,REYMA,3.000000,17.166000,Subfamilia de Varios
6152,210079,VASO # 8 20/50PZ REYMA,REYMA,8.000000,376.592000,Subfamilia de Varios
6336,210146,VASO # 732 20/15PZ CONVERMEX,CONVERMEX,10.000000,4.950000,Subfamilia de Varios
6336,210079,VASO # 8 20/50PZ REYMA,REYMA,30.000000,903.810000,Subfamilia de Varios
6336,180719,CHAROLA MARIEL 855 10/50 REYMA,REYMA,20.000000,93.900000,Subfamilia de Varios
6336,180722,CHAROLA MARIEL 66 10/50 REYMA,REYMA,10.000000,36.800000,Subfamilia de Varios
6336,180753,CONTENEDOR 8X8 LISO 8/25 REYMA,REYMA,4.000000,14.648000,Subfamilia de Varios
6336,180514,CONTENEDOR 8X8 DIV 8/25 REYMA,REYMA,4.000000,46.432000,Subfamilia de Varios
6336,150014,SABRISURTIDO 1/30PZ ALEGRO,ALEGRO,20.000000,1405.640000,BOTANAS
6336,090082,BOMBON GIGANTE 15/400GR DLR,DLR,10.000000,123.000000,PRODUCTOS DE CONFITERIA
6336,090011,BOMBON CHOC.20/50PZ DLR,DLR,12.000000,16.272000,PRODUCTOS DE CONFITERIA
6337,210146,VASO # 732 20/15PZ CONVERMEX,CONVERMEX,10.000000,4.950000,Subfamilia de Varios
6337,210079,VASO # 8 20/50PZ REYMA,REYMA,30.000000,903.810000,Subfamilia de Varios
6337,180719,CHAROLA MARIEL 855 10/50 REYMA,REYMA,20.000000,93.900000,Subfamilia de Varios
6337,180722,CHAROLA MARIEL 66 10/50 REYMA,REYMA,10.000000,36.800000,Subfamilia de Varios
6337,180753,CONTENEDOR 8X8 LISO 8/25 REYMA,REYMA,4.000000,14.648000,Subfamilia de Varios
6337,180514,CONTENEDOR 8X8 DIV 8/25 REYMA,REYMA,4.000000,46.432000,Subfamilia de Varios
6337,150014,SABRISURTIDO 1/30PZ ALEGRO,ALEGRO,20.000000,1405.640000,BOTANAS
6337,090082,BOMBON GIGANTE 15/400GR DLR,DLR,10.000000,123.000000,PRODUCTOS DE CONFITERIA
6337,090011,BOMBON CHOC.20/50PZ DLR,DLR,12.000000,16.272000,PRODUCTOS DE CONFITERIA
6344,210146,VASO # 732 20/15PZ CONVERMEX,CONVERMEX,10.000000,4.950000,Subfamilia de Varios
6344,180719,CHAROLA MARIEL 855 10/50 REYMA,REYMA,10.000000,46.950000,Subfamilia de Varios
6344,180753,CONTENEDOR 8X8 LISO 8/25 REYMA,REYMA,6.000000,21.972000,Subfamilia de Varios
6344,180514,CONTENEDOR 8X8 DIV 8/25 REYMA,REYMA,6.000000,69.648000,Subfamilia de Varios
6344,210079,VASO # 8 20/50PZ REYMA,REYMA,15.000000,451.905000,Subfamilia de Varios
6344,150014,SABRISURTIDO 1/30PZ ALEGRO,ALEGRO,5.000000,351.410000,BOTANAS
6345,150014,SABRISURTIDO 1/30PZ ALEGRO,ALEGRO,5.000000,351.410000,BOTANAS
6345,210146,VASO # 732 20/15PZ CONVERMEX,CONVERMEX,10.000000,4.950000,Subfamilia de Varios
6345,180719,CHAROLA MARIEL 855 10/50 REYMA,REYMA,10.000000,46.950000,Subfamilia de Varios
6345,180753,CONTENEDOR 8X8 LISO 8/25 REYMA,REYMA,6.000000,21.972000,Subfamilia de Varios
6345,180514,CONTENEDOR 8X8 DIV 8/25 REYMA,REYMA,6.000000,69.648000,Subfamilia de Varios
6345,210079,VASO # 8 20/50PZ REYMA,REYMA,15.000000,451.905000,Subfamilia de Varios
6389,210146,VASO # 732 20/15PZ CONVERMEX,CONVERMEX,6.000000,2.970000,Subfamilia de Varios
6389,180719,CHAROLA MARIEL 855 10/50 REYMA,REYMA,10.000000,46.950000,Subfamilia de Varios
6389,180722,CHAROLA MARIEL 66 10/50 REYMA,REYMA,10.000000,36.800000,Subfamilia de Varios
6389,180514,CONTENEDOR 8X8 DIV 8/25 REYMA,REYMA,5.000000,58.040000,Subfamilia de Varios
6389,180753,CONTENEDOR 8X8 LISO 8/25 REYMA,REYMA,5.000000,18.310000,Subfamilia de Varios
6389,210079,VASO # 8 20/50PZ REYMA,REYMA,5.000000,150.635000,Subfamilia de Varios
6390,210146,VASO # 732 20/15PZ CONVERMEX,CONVERMEX,6.000000,2.970000,Subfamilia de Varios
6390,180719,CHAROLA MARIEL 855 10/50 REYMA,REYMA,10.000000,46.950000,Subfamilia de Varios
6390,180722,CHAROLA MARIEL 66 10/50 REYMA,REYMA,10.000000,36.800000,Subfamilia de Varios
6390,180514,CONTENEDOR 8X8 DIV 8/25 REYMA,REYMA,5.000000,58.040000,Subfamilia de Varios
6390,180753,CONTENEDOR 8X8 LISO 8/25 REYMA,REYMA,5.000000,18.310000,Subfamilia de Varios
6390,210079,VASO # 8 20/50PZ REYMA,REYMA,5.000000,150.635000,Subfamilia de Varios
6563,210079,VASO # 8 20/50PZ REYMA,REYMA,30.000000,903.810000,Subfamilia de Varios
6563,180719,CHAROLA MARIEL 855 10/50 REYMA,REYMA,35.000000,164.325000,Subfamilia de Varios
6563,180753,CONTENEDOR 8X8 LISO 8/25 REYMA,REYMA,3.000000,10.986000,Subfamilia de Varios
6563,150014,SABRISURTIDO 1/30PZ ALEGRO,ALEGRO,10.000000,702.820000,BOTANAS
6563,090082,BOMBON GIGANTE 15/400GR DLR,DLR,12.000000,147.600000,PRODUCTOS DE CONFITERIA
6563,090011,BOMBON CHOC.20/50PZ DLR,DLR,10.000000,13.560000,PRODUCTOS DE CONFITERIA
6564,150014,SABRISURTIDO 1/30PZ ALEGRO,ALEGRO,10.000000,702.820000,BOTANAS
6564,090082,BOMBON GIGANTE 15/400GR DLR,DLR,12.000000,147.600000,PRODUCTOS DE CONFITERIA
6564,090011,BOMBON CHOC.20/50PZ DLR,DLR,10.000000,13.560000,PRODUCTOS DE CONFITERIA
6564,210079,VASO # 8 20/50PZ REYMA,REYMA,30.000000,903.810000,Subfamilia de Varios
6564,180719,CHAROLA MARIEL 855 10/50 REYMA,REYMA,35.000000,164.325000,Subfamilia de Varios
6564,180753,CONTENEDOR 8X8 LISO 8/25 REYMA,REYMA,3.000000,10.986000,Subfamilia de Varios
6757,090082,BOMBON GIGANTE 15/400GR DLR,DLR,10.000000,123.000000,PRODUCTOS DE CONFITERIA
6757,090011,BOMBON CHOC.20/50PZ DLR,DLR,12.000000,16.272000,PRODUCTOS DE CONFITERIA
6757,210079,VASO # 8 20/50PZ REYMA,REYMA,10.000000,301.270000,Subfamilia de Varios
6757,180719,CHAROLA MARIEL 855 10/50 REYMA,REYMA,10.000000,46.950000,Subfamilia de Varios
6757,180753,CONTENEDOR 8X8 LISO 8/25 REYMA,REYMA,2.000000,7.324000,Subfamilia de Varios
6757,180514,CONTENEDOR 8X8 DIV 8/25 REYMA,REYMA,2.000000,23.216000,Subfamilia de Varios
6757,150014,SABRISURTIDO 1/30PZ ALEGRO,ALEGRO,15.000000,1054.230000,BOTANAS
6758,090082,BOMBON GIGANTE 15/400GR DLR,DLR,10.000000,123.000000,PRODUCTOS DE CONFITERIA
6758,090011,BOMBON CHOC.20/50PZ DLR,DLR,12.000000,16.272000,PRODUCTOS DE CONFITERIA
6758,210079,VASO # 8 20/50PZ REYMA,REYMA,10.000000,301.270000,Subfamilia de Varios
6758,180719,CHAROLA MARIEL 855 10/50 REYMA,REYMA,10.000000,46.950000,Subfamilia de Varios
6758,180753,CONTENEDOR 8X8 LISO 8/25 REYMA,REYMA,2.000000,7.324000,Subfamilia de Varios
6758,180514,CONTENEDOR 8X8 DIV 8/25 REYMA,REYMA,2.000000,23.216000,Subfamilia de Varios
6758,150014,SABRISURTIDO 1/30PZ ALEGRO,ALEGRO,15.000000,1054.230000,BOTANAS
6792,210146,VASO # 732 20/15PZ CONVERMEX,CONVERMEX,10.000000,4.950000,Subfamilia de Varios
6792,180719,CHAROLA MARIEL 855 10/50 REYMA,REYMA,15.000000,70.425000,Subfamilia de Varios
6792,180722,CHAROLA MARIEL 66 10/50 REYMA,REYMA,5.000000,18.400000,Subfamilia de Varios
6792,180753,CONTENEDOR 8X8 LISO 8/25 REYMA,REYMA,5.000000,18.310000,Subfamilia de Varios
6792,180514,CONTENEDOR 8X8 DIV 8/25 REYMA,REYMA,5.000000,58.040000,Subfamilia de Varios
6792,210079,VASO # 8 20/50PZ REYMA,REYMA,6.000000,180.762000,Subfamilia de Varios
6793,210146,VASO # 732 20/15PZ CONVERMEX,CONVERMEX,10.000000,4.950000,Subfamilia de Varios
6793,180719,CHAROLA MARIEL 855 10/50 REYMA,REYMA,15.000000,70.425000,Subfamilia de Varios
6793,180722,CHAROLA MARIEL 66 10/50 REYMA,REYMA,5.000000,18.400000,Subfamilia de Varios
6793,180753,CONTENEDOR 8X8 LISO 8/25 REYMA,REYMA,5.000000,18.310000,Subfamilia de Varios
6793,180514,CONTENEDOR 8X8 DIV 8/25 REYMA,REYMA,5.000000,58.040000,Subfamilia de Varios
6793,210079,VASO # 8 20/50PZ REYMA,REYMA,6.000000,180.762000,Subfamilia de Varios
