folio	codigo	descripcion	marca	cantidad	precio	categoria
2849	300019	BOLSA PAPEL #03 50/100PZ MORYSAN	MORYSAN	1	7.031	Subfamilia de Varios
2849	300020	BOLSA PAPEL #04 40/100PZ MORYSAN	MORYSAN	1	8.459	Subfamilia de Varios
2849	300029	BOLSA PAPEL #08 20/100PZ MORYSAN	MORYSAN	1	12.091	Subfamilia de Varios
2849	300026	BOLSA PAPEL #20 10/100PZ MORYSAN	MORYSAN	1	19.885	Subfamilia de Varios
2849	300142	BOLSA PAPEL #25 10/100PZ MORYSAN	MORYSAN	1	22.737	Subfamilia de Varios
2849	470021	PAPEL ESTRAZA BCO 50/KG PLASTICOS	PLASTICOS	2	16.324	Subfamilia de Varios
2849	470002	PAPEL ESTRAZA 70/KG PLASTICOS	PLASTICOS	1	5.558	Subfamilia de Varios
2849	300092	BOLSA 18*25 ROLLO COLOR 16/PZ CIMAPLAS	CIMAPLAS	3	38.745	Subfamilia de Varios
2849	300174	BOLSA 20*30 ROLLO COLOR 16/PQ ACIMAPLAS	CIMAPLAS .DC/40 	3	51.291	Subfamilia de Varios
2849	300214	BOLSA 60*90 NEGRA 25/KG CIMAPLAS	CIMAPLAS	2	49.488	Subfamilia de Varios
2849	210310	PORTAVASO 300/1 HUHTAMAKI	HUHTAMAKI	2	183.334	Subfamilia de Varios
2849	220049	FLAN 50/140GR GARI	GARI	1	3.303	Subfamilia de Varios
2849	220020	GEL GROSELLA 50/140GR GARI	GARI	1	0.308	Subfamilia de Varios
2849	220025	GEL NARANJA 50/140GR GARI	GARI	1	0.114	Subfamilia de Varios
2849	220018	GEL FRESA 50/140GR GARI	GARI	1	6.798	Subfamilia de Varios
2849	220012	GEL MORA 50/140 GARI	GARI	1	4.3	Subfamilia de Varios
2849	220055	GEL PISTACHE 50/140GR GARI	GARI	1	5.72	Subfamilia de Varios
2849	220024	GEL ROMPOPE 50/140GR GARI	MEXICANA	1	5.72	Subfamilia de Varios
2849	220028	GEL VAINILLA 50/140GR GARI	GARI	1	16.876	Subfamilia de Varios
2849	220116	GEL JEREZ 10/840GR GARI	GARI	2	34	Subfamilia de Varios
2850	210023	VASO 10 OZ CRISTAL NEON 20/30 CONVERMEX	CONVERMEX	4	31.892	Subfamilia de Varios
2850	210759	MOLDE 21 SUNDAE NAT. 20/50 CONVERMEX	CONVERMEX	2	27.3	Subfamilia de Varios
2850	210756	VASO # 8 CORNETO 40/25 CONVERMEX	CONVERMEX	5	42.25	Subfamilia de Varios
2850	210096	VASO # 7C 50/20PZ CONVERMEX	CONVERMEX	4	26.24	Subfamilia de Varios
2850	210198	VASO # 704 40/25PZ CONVERMEX	CONVERMEX	2	7.35	Subfamilia de Varios
2850	210020	VASO # 116 25/20PZ CONVERMEX	CONVERMEX	3	40.629	Subfamilia de Varios
2850	210287	VASO # 114 20/25 CONVERMEX	CONVERMEX	3	20.304	Subfamilia de Varios
2850	210016	VASO # 108 40/25PZ CONVERMEX	CONVERMEX	3	0.195	Subfamilia de Varios
2850	210015	VASO # 106 40/25PZ CONVERMEX	CONVERMEX	3	0.165	Subfamilia de Varios
2850	210334	TAPA # 416 POP 20/50 CONVERMEX	CONVERMEX	5	5.7	Subfamilia de Varios
2850	210950	TAPA # 414 POP 20/50 CONVERMEX	CONVERMEX	6	58.248	Subfamilia de Varios
2850	210024	TAPA # 410 20/50PZ CONVERMEX	CONVERMEX	2	0.03	Subfamilia de Varios
2850	180403	CHAROLA 855 PIC NIC 10/50 CONVERMEX	CONVERMEX	10	183.2	Subfamilia de Varios
2850	180411	CHAROLA 66 PIC NIC 10/50 CONVERMEX	CONVERMEX	7	128.24	Subfamilia de Varios
2850	400104	POPOTE 26CM RAYADO 50/150 POCR26 REYMA	REYMA	50	336.2	Subfamilia de Varios
2850	360120	CUCHARA PASTELERA # 1 60/50 REYMA	REYMA	4	21.036	Subfamilia de Varios
2850	180753	CONTENEDOR 8X8 LISO 8/25 REYMA	REYMA	6	34.68	Subfamilia de Varios
2850	180514	CONTENEDOR 8X8 DIV 8/25 REYMA	REYMA	6	109.92	Subfamilia de Varios
2850	180062	PLATO 8 LISO 25/20 REYMA	REYMA	2	0.238	Subfamilia de Varios
2850	181931	PLATO 10 LISO 20/25 REYMA	REYMA	2	17.242	Subfamilia de Varios
2850	180719	CHAROLA MARIEL 855 10/50 REYMA	REYMA	8	59.28	Subfamilia de Varios
2850	360042	CUCHARA CHICA AMARILLA 60/50 MARGARITA	MARGARITA	2	8.94	Subfamilia de Varios
2850	360214	CUCHARA CHICA BLANCA 60/50 MARGARITA	MARGARITA	2	7.586	Subfamilia de Varios
2850	210371	ENVASE 16MJ32 473ML.20/25 DART	DART	4	32.516	Subfamilia de Varios
2850	210363	ENVASE 32J32 946ML 20/15 DART	DART	3	0.273	Subfamilia de Varios
2850	210399	TAPA 10EL 10/100 DART	DART	4	17.312	Subfamilia de Varios
2850	210387	TAPA 32SL TRANSL.P/POP 5/100 DART	DART	4	87.14	Subfamilia de Varios
2850	180121	CH. #9 10/20 URPRI	URPRI	5	870.91	Subfamilia de Varios
2850	300019	BOLSA PAPEL #03 50/100PZ MORYSAN	MORYSAN	1	7.031	Subfamilia de Varios
2850	300020	BOLSA PAPEL #04 40/100PZ MORYSAN	MORYSAN	1	8.459	Subfamilia de Varios
2850	300029	BOLSA PAPEL #08 20/100PZ MORYSAN	MORYSAN	1	12.091	Subfamilia de Varios
2850	300026	BOLSA PAPEL #20 10/100PZ MORYSAN	MORYSAN	1	19.885	Subfamilia de Varios
2850	300142	BOLSA PAPEL #25 10/100PZ MORYSAN	MORYSAN	1	22.737	Subfamilia de Varios
2850	470021	PAPEL ESTRAZA BCO 50/KG PLASTICOS	PLASTICOS	2	16.324	Subfamilia de Varios
2850	470002	PAPEL ESTRAZA 70/KG PLASTICOS	PLASTICOS	1	5.558	Subfamilia de Varios
2850	300092	BOLSA 18*25 ROLLO COLOR 16/PZ CIMAPLAS	CIMAPLAS	3	38.745	Subfamilia de Varios
2850	300174	BOLSA 20*30 ROLLO COLOR 16/PQ ACIMAPLAS	CIMAPLAS .DC/40 	3	51.291	Subfamilia de Varios
2850	300214	BOLSA 60*90 NEGRA 25/KG CIMAPLAS	CIMAPLAS	2	49.488	Subfamilia de Varios
2850	210310	PORTAVASO 300/1 HUHTAMAKI	HUHTAMAKI	2	183.334	Subfamilia de Varios
2850	220049	FLAN 50/140GR GARI	GARI	1	3.303	Subfamilia de Varios
2850	220020	GEL GROSELLA 50/140GR GARI	GARI	1	0.308	Subfamilia de Varios
2850	220025	GEL NARANJA 50/140GR GARI	GARI	1	0.114	Subfamilia de Varios
2850	220018	GEL FRESA 50/140GR GARI	GARI	1	6.798	Subfamilia de Varios
2850	220012	GEL MORA 50/140 GARI	GARI	1	4.3	Subfamilia de Varios
2850	220055	GEL PISTACHE 50/140GR GARI	GARI	1	5.72	Subfamilia de Varios
2850	220024	GEL ROMPOPE 50/140GR GARI	MEXICANA	1	5.72	Subfamilia de Varios
2850	220028	GEL VAINILLA 50/140GR GARI	GARI	1	16.876	Subfamilia de Varios
2850	220116	GEL JEREZ 10/840GR GARI	GARI	2	34	Subfamilia de Varios
2851	150315	PRINGLES ORIGINAL 12/40GR PRINGLES	PRINGLES	60	5688	BOTANAS
2851	150314	PRINGLES CREMA Y CEBOLLA 12/40GR PRINGLES	PRINGLES	48	0	BOTANAS
2851	150327	PRINGLES QUESO 12/40GR PRINGLES	PRINGLES	36	3412.8	BOTANAS
2851	210598	VASO BICOLOR ROJO 16OZ 25/20 CONVERMEX	CONVERMEX	15	115.2	Subfamilia de Varios
2851	210223	HIELERA A E BLANCA (25.7LTS) 5/PZ CONVERMEX	CONVERMEX	30	857.43	Subfamilia de Varios
2852	150315	PRINGLES ORIGINAL 12/40GR PRINGLES	PRINGLES	60	5688	BOTANAS
2852	150314	PRINGLES CREMA Y CEBOLLA 12/40GR PRINGLES	PRINGLES	48	0	BOTANAS
2852	150327	PRINGLES QUESO 12/40GR PRINGLES	PRINGLES	36	3412.8	BOTANAS
2852	210598	VASO BICOLOR ROJO 16OZ 25/20 CONVERMEX	CONVERMEX	15	115.2	Subfamilia de Varios
2852	210223	HIELERA A E BLANCA (25.7LTS) 5/PZ CONVERMEX	CONVERMEX	30	857.43	Subfamilia de Varios
2853	80043	ROCKALETA PROMO 10/18  ALEGRO	ALEGRO	4	92.544	PRODUCTOS DE CONFITERIA
2853	90054	BOMBON TRENCITAS 12/400GR VERO	VERO	3	29.103	PRODUCTOS DE CONFITERIA
2853	90005	BOMBON REDONDO AZUL 12/400 VERO	VERO	2	14.244	PRODUCTOS DE CONFITERIA
2853	90006	TRENZA GIGANTE 5/35 VERO	VERO	2	30	PRODUCTOS DE CONFITERIA
2853	120025	CACAH JAP MARBETTE 12/20/40GR VERO	VERO	1	26.78	BOTANAS
2853	80039	PAL BOMBA NEGRA 24/40 VERO	VERO	1	0	PRODUCTOS DE CONFITERIA
2853	80091	PAL BOMBA C/CHILE 24/40 VERO	VERO	2	131.856	PRODUCTOS DE CONFITERIA
2853	80455	PAL MANGO C/CH 24/40 VERO	VERO	1	15.3	PRODUCTOS DE CONFITERIA
2853	80148	PAL CUPIDO FSA/CZA 24/40PZ VERO	VERO	1	18.423	PRODUCTOS DE CONFITERIA
2853	80134	DISPONIBLE	VERO	1	30.46	PRODUCTOS DE CONFITERIA
2853	80559	PAL CUPIDO CHAMOY 24/40PZ VERO	VERO	2	114.778	PRODUCTOS DE CONFITERIA
2853	140116	PICA GOMA TAMARINDO 24/100PZ VERO	VERO	1	0.582	PRODUCTOS DE CONFITERIA
2853	150331	CHETO QUESO PERSONAL 10/25/10GR GONAC	GONAC	50	780	BOTANAS
2853	150329	DONA C/CHILE PERSONAL 10/25/10G GONAC	GONAC	50	795	BOTANAS
2853	150309	MEGA DONA CON SALSA 10/24 GONAC	GONAC	10	240	BOTANAS
2853	150049	MEGA CHETO QUESO 10/24/18GR GONAC	GONAC	10	137.18	BOTANAS
2853	150053	MEGA DONA C/CHILE 10/24/18GR GONAC	GONAC	10	146.11	BOTANAS
2853	150101	MEGA TORTILLA 10/24/19GR GONAC	GONAC	10	763.15	BOTANAS
2853	150342	MEGA HOT CHILI MIX 10/24/22GR GONAC	GONAC	100	2530	BOTANAS
2853	150330	DONA C/SAL PERSONAL 10/25/9GR GONAC	GONAC	50	805	BOTANAS
2853	150045	BARCEL PACK SDO 7/14 BARCEL	BARCEL	3	195	BOTANAS
2853	150112	BARCEL PACK TAKIS 7/15 BARCEL	BARCEL	3	187.5	BOTANAS
2853	10245	BOCADIN CHOC BLS 12/50 BARCEL	BARCEL	7	122.5	PRODUCTOS DE CONFITERIA
2853	20071	DUVALIN FRE/VAIN 24/18 BARCEL	BARCEL	1	9.977	PRODUCTOS DE CONFITERIA
2853	20070	DUVALIN AVE-VAIN 24/18 BARCEL	BARCEL	2	2.424	PRODUCTOS DE CONFITERIA
2853	20069	DUVALIN AVE-FSA 24/18 BARCEL	BARCEL	3	29.931	PRODUCTOS DE CONFITERIA
2853	21338	BUBULUBU 5KG AGRANEL BARCEL	BARCEL	4	44.58	CHOCOLATES Y DEMAS PROD DERIVADOS CACAO
2853	80284	MINI PALETA PAYASO 12/15 BARCEL	BARCEL	2	50.274	PRODUCTOS DE CONFITERIA
2854	80043	ROCKALETA PROMO 10/18  ALEGRO	ALEGRO	4	92.544	PRODUCTOS DE CONFITERIA
2854	90054	BOMBON TRENCITAS 12/400GR VERO	VERO	3	29.103	PRODUCTOS DE CONFITERIA
2854	90005	BOMBON REDONDO AZUL 12/400 VERO	VERO	2	14.244	PRODUCTOS DE CONFITERIA
2854	90006	TRENZA GIGANTE 5/35 VERO	VERO	2	30	PRODUCTOS DE CONFITERIA
2854	120025	CACAH JAP MARBETTE 12/20/40GR VERO	VERO	1	26.78	BOTANAS
2854	80039	PAL BOMBA NEGRA 24/40 VERO	VERO	1	0	PRODUCTOS DE CONFITERIA
2855	80039	PAL BOMBA NEGRA 24/40 VERO	VERO	0	15.61	PRODUCTOS DE CONFITERIA
2854	80091	PAL BOMBA C/CHILE 24/40 VERO	VERO	2	131.856	PRODUCTOS DE CONFITERIA
2854	80455	PAL MANGO C/CH 24/40 VERO	VERO	1	15.3	PRODUCTOS DE CONFITERIA
2854	80148	PAL CUPIDO FSA/CZA 24/40PZ VERO	VERO	1	18.423	PRODUCTOS DE CONFITERIA
2854	80134	DISPONIBLE	VERO	1	30.46	PRODUCTOS DE CONFITERIA
2854	80559	PAL CUPIDO CHAMOY 24/40PZ VERO	VERO	2	114.778	PRODUCTOS DE CONFITERIA
2854	140116	PICA GOMA TAMARINDO 24/100PZ VERO	VERO	1	0.582	PRODUCTOS DE CONFITERIA
2854	150331	CHETO QUESO PERSONAL 10/25/10GR GONAC	GONAC	50	780	BOTANAS
2854	150329	DONA C/CHILE PERSONAL 10/25/10G GONAC	GONAC	50	795	BOTANAS
2854	150309	MEGA DONA CON SALSA 10/24 GONAC	GONAC	10	240	BOTANAS
2854	150049	MEGA CHETO QUESO 10/24/18GR GONAC	GONAC	10	137.18	BOTANAS
2854	150053	MEGA DONA C/CHILE 10/24/18GR GONAC	GONAC	10	146.11	BOTANAS
2854	150101	MEGA TORTILLA 10/24/19GR GONAC	GONAC	10	763.15	BOTANAS
2854	150342	MEGA HOT CHILI MIX 10/24/22GR GONAC	GONAC	100	2530	BOTANAS
2854	150330	DONA C/SAL PERSONAL 10/25/9GR GONAC	GONAC	50	805	BOTANAS
2854	150045	BARCEL PACK SDO 7/14 BARCEL	BARCEL	3	195	BOTANAS
2854	150112	BARCEL PACK TAKIS 7/15 BARCEL	BARCEL	3	187.5	BOTANAS
2854	10245	BOCADIN CHOC BLS 12/50 BARCEL	BARCEL	7	122.5	PRODUCTOS DE CONFITERIA
2854	20071	DUVALIN FRE/VAIN 24/18 BARCEL	BARCEL	1	9.977	PRODUCTOS DE CONFITERIA
2854	20070	DUVALIN AVE-VAIN 24/18 BARCEL	BARCEL	2	2.424	PRODUCTOS DE CONFITERIA
2854	20069	DUVALIN AVE-FSA 24/18 BARCEL	BARCEL	3	29.931	PRODUCTOS DE CONFITERIA
2854	21338	BUBULUBU 5KG AGRANEL BARCEL	BARCEL	4	44.58	CHOCOLATES Y DEMAS PROD DERIVADOS CACAO
2854	80284	MINI PALETA PAYASO 12/15 BARCEL	BARCEL	2	50.274	PRODUCTOS DE CONFITERIA
2856	50286	CAR MILKARAMEL CHOCOLATE 24/100 DLR	DLR	1	0.486	PRODUCTOS DE CONFITERIA
2857	50286	CAR MILKARAMEL CHOCOLATE 24/100 DLR	DLR	1	0.486	PRODUCTOS DE CONFITERIA
2858	20143	NUCITA CHOC/FRESA 24/16PZ NUTRESA	NUTRESA	1	0.536	PRODUCTOS DE CONFITERIA
2858	20153	NUCITA VAINI/FRESA 24/16PZ NUTRESA	NUTRESA	1	9.364	PRODUCTOS DE CONFITERIA
2858	20405	NUCITA TRISABOR 24/16 NUTRESA	NUTRESA	1	8.337	PRODUCTOS DE CONFITERIA
2858	80043	ROCKALETA PROMO 10/18  ALEGRO	ALEGRO	3	69.408	PRODUCTOS DE CONFITERIA
2859	20143	NUCITA CHOC/FRESA 24/16PZ NUTRESA	NUTRESA	1	0.536	PRODUCTOS DE CONFITERIA
2859	20153	NUCITA VAINI/FRESA 24/16PZ NUTRESA	NUTRESA	1	9.364	PRODUCTOS DE CONFITERIA
2859	20405	NUCITA TRISABOR 24/16 NUTRESA	NUTRESA	1	8.337	PRODUCTOS DE CONFITERIA
2859	80043	ROCKALETA PROMO 10/18  ALEGRO	ALEGRO	3	69.408	PRODUCTOS DE CONFITERIA
2860	90011	BOMBON CHOC.20/50PZ DLR	DLR	1	1.356	PRODUCTOS DE CONFITERIA
2860	50156	RICOS BESOS 20/100PZ MONTES	MONTES	1	19.54	PRODUCTOS DE CONFITERIA
2860	50171	CACHITOS 20/100PZ MONTES	MONTES	1	24.831	PRODUCTOS DE CONFITERIA
2860	80221	PAL.CUADRADA 25/40PZ MONTES	MONTES	1	0.722	PRODUCTOS DE CONFITERIA
2860	20366	ANDINETA MIX BOLSA 20/500GR MONTES	MONTES	1	14.545	PRODUCTOS DE CONFITERIA
2860	80029	PALETON TIRA 50/10PZ BARCEL	BARCEL	1	0.101	PRODUCTOS DE CONFITERIA
2860	380001	OBLEA TIRA 50/10PZ BARCEL	BARCEL	1	4.779	PRODUCTOS DE CONFITERIA
2860	80134	DISPONIBLE	VERO	1	30.46	PRODUCTOS DE CONFITERIA
2860	370036	PALO 6X17 C/PUNTA 50/500GR GUTIERREZ	GUTIERREZ	1	5.9	Subfamilia de Varios
2860	140159	CLORETS 2 S 32/60 ADAMS	ADAMS	1	32.509	Subfamilia de Varios
2861	90011	BOMBON CHOC.20/50PZ DLR	DLR	1	1.356	PRODUCTOS DE CONFITERIA
2861	50156	RICOS BESOS 20/100PZ MONTES	MONTES	1	19.54	PRODUCTOS DE CONFITERIA
2861	50171	CACHITOS 20/100PZ MONTES	MONTES	1	24.831	PRODUCTOS DE CONFITERIA
2861	80221	PAL.CUADRADA 25/40PZ MONTES	MONTES	1	0.722	PRODUCTOS DE CONFITERIA
2861	20366	ANDINETA MIX BOLSA 20/500GR MONTES	MONTES	1	14.545	PRODUCTOS DE CONFITERIA
2861	80029	PALETON TIRA 50/10PZ BARCEL	BARCEL	1	0.101	PRODUCTOS DE CONFITERIA
2861	380001	OBLEA TIRA 50/10PZ BARCEL	BARCEL	1	4.779	PRODUCTOS DE CONFITERIA
2861	80134	DISPONIBLE	VERO	1	30.46	PRODUCTOS DE CONFITERIA
2861	370036	PALO 6X17 C/PUNTA 50/500GR GUTIERREZ	GUTIERREZ	1	5.9	Subfamilia de Varios
2861	140159	CLORETS 2 S 32/60 ADAMS	ADAMS	1	32.509	Subfamilia de Varios
2862	150314	PRINGLES CREMA Y CEBOLLA 12/40GR PRINGLES	PRINGLES	144	0	BOTANAS
2862	150315	PRINGLES ORIGINAL 12/40GR PRINGLES	PRINGLES	180	17064	BOTANAS
2862	150327	PRINGLES QUESO 12/40GR PRINGLES	PRINGLES	168	15926.4	BOTANAS
2863	150314	PRINGLES CREMA Y CEBOLLA 12/40GR PRINGLES	PRINGLES	144	0	BOTANAS
2863	150315	PRINGLES ORIGINAL 12/40GR PRINGLES	PRINGLES	180	17064	BOTANAS
2863	150327	PRINGLES QUESO 12/40GR PRINGLES	PRINGLES	168	15926.4	BOTANAS
2864	80463	PAL MANITA 16GR 24/40 VERO	VERO	1	21.223	PRODUCTOS DE CONFITERIA
2865	80463	PAL MANITA 16GR 24/40 VERO	VERO	1	21.223	PRODUCTOS DE CONFITERIA
2866	80419	ROCKALETA BOLA 22/25 ALEGRO	ALEGRO	5	40.785	Subfamilia de Varios
2866	50711	PI헤TA SURPRISE 6/2.270 ALEGRO	ALEGRO	3	652.194	Subfamilia de Varios
2866	290141	JUGO 24/230ML CORONA	CORONA	50	782.5	Subfamilia de Varios
2866	140006	CHICLE MINI BU 28/100 DLR	DLR	2	18.904	Subfamilia de Varios
2866	140102	BABY BABU 24/100PZ DLR	DLR	2	23.398	Subfamilia de Varios
2866	40108	SALSA BOTANERA CLASICA 12/1LT PALMEX	PALMEX	5	51.5	Subfamilia de Varios
2866	40106	SALSA BOTANERA CLASICA 12/1.5LT PALMEX	PALMEX	3	45.6	Subfamilia de Varios
2866	40107	SALSA BOTANERA CLASICA 6/4.1LT PALMEX	PALMEX	2	65.4	Subfamilia de Varios
2866	40243	SALSA V.ROJA 12/1LT DLR	DLR	2	14.848	Subfamilia de Varios
2866	40152	SALSA V.ROJA 24/370 DLR	DLR	3	10.788	Subfamilia de Varios
2866	40133	SALSA V.NEGRA 12/1LT DLR	DLR	2	16.364	Subfamilia de Varios
2867	80419	ROCKALETA BOLA 22/25 ALEGRO	ALEGRO	5	40.785	Subfamilia de Varios
2867	50711	PI헤TA SURPRISE 6/2.270 ALEGRO	ALEGRO	3	652.194	Subfamilia de Varios
2867	290141	JUGO 24/230ML CORONA	CORONA	50	782.5	Subfamilia de Varios
2867	140006	CHICLE MINI BU 28/100 DLR	DLR	2	18.904	Subfamilia de Varios
2867	140102	BABY BABU 24/100PZ DLR	DLR	2	23.398	Subfamilia de Varios
2867	40108	SALSA BOTANERA CLASICA 12/1LT PALMEX	PALMEX	5	51.5	Subfamilia de Varios
2867	40106	SALSA BOTANERA CLASICA 12/1.5LT PALMEX	PALMEX	3	45.6	Subfamilia de Varios
2867	40107	SALSA BOTANERA CLASICA 6/4.1LT PALMEX	PALMEX	2	65.4	Subfamilia de Varios
2867	40243	SALSA V.ROJA 12/1LT DLR	DLR	2	14.848	Subfamilia de Varios
2867	40152	SALSA V.ROJA 24/370 DLR	DLR	3	10.788	Subfamilia de Varios
2867	40133	SALSA V.NEGRA 12/1LT DLR	DLR	2	16.364	Subfamilia de Varios
2868	50010	CHOCORETAS 6/KG RICOLINO	RICOLINO	2	58.95	CHOCOLATES Y DEMAS PROD DERIVADOS CACAO
2868	90017	BOMBON MINI MINI 4/30/28GR DLR	DLR	5	33.005	PRODUCTOS DE CONFITERIA
2868	90082	BOMBON GIGANTE 15/400GR DLR	DLR	10	123	PRODUCTOS DE CONFITERIA
2868	90083	BOMBON MEDIANO 15/400GR DLR	DLR	5	64.5	PRODUCTOS DE CONFITERIA
2868	90087	BOMBON SUPER GTE BCO/ROSA C/5 DLR	DLR	5	15.74	PRODUCTOS DE CONFITERIA
2868	90043	BOMBON SUPER GTE COLORES C/5 DLR	DLR	5	70.6	PRODUCTOS DE CONFITERIA
2868	90002	BOMBON MINI MINI 5/50/15GR DLR	DLR	10	100.44	PRODUCTOS DE CONFITERIA
2868	50273	CAR MILKARAMEL CAFE 24/100 DLR	DLR	2	0.972	PRODUCTOS DE CONFITERIA
2868	50138	CAR MILKARAMEL SDO 24/100 DLR	DLR	2	0.972	PRODUCTOS DE CONFITERIA
2868	50233	CAR MILKARAMEL FRESA 24/100 DLR	DLR	2	1.45	PRODUCTOS DE CONFITERIA
2868	50223	CAR LITO 24/100PZ DLR	DLR	2	0.92	PRODUCTOS DE CONFITERIA
2868	50222	CAR FRESITA 24/100PZ DLR	DLR	2	225.372	PRODUCTOS DE CONFITERIA
2868	50288	CAR PI헤 C/24.DLR	DLR	3	1.266	PRODUCTOS DE CONFITERIA
2868	20858	PALETA MALVABONY 16/40 DLR	DLR	3	78	PRODUCTOS DE CONFITERIA
2868	120013	MAZAPAN GRANDE 20/30/28GR DLR	DLR	1	1.046	PRODUCTOS DE CONFITERIA
2868	120014	MAZAPAN CHICO 25/60/12.5GR DLR	DLR	1	0.64	PRODUCTOS DE CONFITERIA
2868	80016	PAL MINI JUMBO SDA 25/50PZ DLR	DLR	1	0.463	PRODUCTOS DE CONFITERIA
2868	80288	PAL MINI CHUPETA 25/50 DLR	DLR	1	10.095	PRODUCTOS DE CONFITERIA
2868	80264	PAL JUMBO PINTACOLORES 24/25 DLR	DLR	2	28.52	PRODUCTOS DE CONFITERIA
2868	90094	BOMBON BIANCHI FLOR 15/400 DLR	DLR	4	51.6	PRODUCTOS DE CONFITERIA
2868	90092	BOMBON BIANCHI CORAZON 15/400 DLR	DLR	2	25.8	PRODUCTOS DE CONFITERIA
2868	80463	PAL MANITA 16GR 24/40 VERO	VERO	1	21.223	PRODUCTOS DE CONFITERIA
2869	50010	CHOCORETAS 6/KG RICOLINO	RICOLINO	2	58.95	CHOCOLATES Y DEMAS PROD DERIVADOS CACAO
2869	90017	BOMBON MINI MINI 4/30/28GR DLR	DLR	5	33.005	PRODUCTOS DE CONFITERIA
2869	90082	BOMBON GIGANTE 15/400GR DLR	DLR	10	123	PRODUCTOS DE CONFITERIA
2869	90083	BOMBON MEDIANO 15/400GR DLR	DLR	5	64.5	PRODUCTOS DE CONFITERIA
2869	90087	BOMBON SUPER GTE BCO/ROSA C/5 DLR	DLR	5	15.74	PRODUCTOS DE CONFITERIA
2869	90043	BOMBON SUPER GTE COLORES C/5 DLR	DLR	5	70.6	PRODUCTOS DE CONFITERIA
2869	90002	BOMBON MINI MINI 5/50/15GR DLR	DLR	10	100.44	PRODUCTOS DE CONFITERIA
2869	50273	CAR MILKARAMEL CAFE 24/100 DLR	DLR	2	0.972	PRODUCTOS DE CONFITERIA
2869	50138	CAR MILKARAMEL SDO 24/100 DLR	DLR	2	0.972	PRODUCTOS DE CONFITERIA
2869	50233	CAR MILKARAMEL FRESA 24/100 DLR	DLR	2	1.45	PRODUCTOS DE CONFITERIA
2869	50223	CAR LITO 24/100PZ DLR	DLR	2	0.92	PRODUCTOS DE CONFITERIA
2869	50222	CAR FRESITA 24/100PZ DLR	DLR	2	225.372	PRODUCTOS DE CONFITERIA
2869	50288	CAR PI헤 C/24.DLR	DLR	3	1.266	PRODUCTOS DE CONFITERIA
2869	20858	PALETA MALVABONY 16/40 DLR	DLR	3	78	PRODUCTOS DE CONFITERIA
2869	120013	MAZAPAN GRANDE 20/30/28GR DLR	DLR	1	1.046	PRODUCTOS DE CONFITERIA
2869	120014	MAZAPAN CHICO 25/60/12.5GR DLR	DLR	1	0.64	PRODUCTOS DE CONFITERIA
2869	80016	PAL MINI JUMBO SDA 25/50PZ DLR	DLR	1	0.463	PRODUCTOS DE CONFITERIA
2869	80288	PAL MINI CHUPETA 25/50 DLR	DLR	1	10.095	PRODUCTOS DE CONFITERIA
2869	80264	PAL JUMBO PINTACOLORES 24/25 DLR	DLR	2	28.52	PRODUCTOS DE CONFITERIA
2869	90094	BOMBON BIANCHI FLOR 15/400 DLR	DLR	4	51.6	PRODUCTOS DE CONFITERIA
2869	90092	BOMBON BIANCHI CORAZON 15/400 DLR	DLR	2	25.8	PRODUCTOS DE CONFITERIA
2869	80463	PAL MANITA 16GR 24/40 VERO	VERO	1	21.223	PRODUCTOS DE CONFITERIA
2870	150063	CHETO BOLA C/QUESO 10/25 TOTIS	TOTIS	150	125.25	BOTANAS
2870	150190	MEGA DONA S/SALSA 10/24 TOTIS	TOTIS	220	948.64	BOTANAS
2870	150130	MEGA DONA C/CHILE 10/24 TOTIS	TOTIS	200	0.8	BOTANAS
2871	150077	MEGA PARTY MIX 10/30 TOTIS	TOTIS	150	1251.75	BOTANAS
2871	150015	MEGA PALOMITAS CH 10/24 TOTIS	TOTIS	180	2.7	BOTANAS
2871	150063	CHETO BOLA C/QUESO 10/25 TOTIS	TOTIS	50	41.75	BOTANAS
2872	360214	CUCHARA CHICA BLANCA 60/50 MARGARITA	MARGARITA	1	3.793	Subfamilia de Varios
2873	360214	CUCHARA CHICA BLANCA 60/50 MARGARITA	MARGARITA	1	3.793	Subfamilia de Varios
2874	20405	NUCITA TRISABOR 24/16 NUTRESA	NUTRESA	161	1342.257	PRODUCTOS DE CONFITERIA
2874	20193	NUCITA CHOC/VAINI 24/16PZ NUTRESA	NUTRESA	46	39.744	PRODUCTOS DE CONFITERIA
2874	20143	NUCITA CHOC/FRESA 24/16PZ NUTRESA	NUTRESA	23	12.328	PRODUCTOS DE CONFITERIA
2874	20335	NUCITA BARRITA 24/16/10GR NUTRESA	NUTRESA	46	493.718	PRODUCTOS DE CONFITERIA
2874	20904	NUCITA TRISABOR TRIANGULO 24/12 NUTRESA	NUTRESA	10	202	PRODUCTOS DE CONFITERIA
2874	21013	PALETA NUCITA 24/12/15GR NUTRESA	NUTRESA	240	5304	PRODUCTOS DE CONFITERIA
2874	21018	NUCITA CONFITES 24/12/20GR NUTRESA	NUTRESA	240	7056	PRODUCTOS DE CONFITERIA
2874	20463	CREMINO BICOLOR 16/24 NUTRESA	NUTRESA	80	162.88	CHOCOLATES Y DEMAS PROD DERIVADOS CACAO
2874	20126	CREMINO BLANCO 16/24 NUTRESA	NUTRESA	20	361	CHOCOLATES Y DEMAS PROD DERIVADOS CACAO
2874	20699	CREMINO VIT 8/50 NUTRESA	NUTRESA	10	1624.33	CHOCOLATES Y DEMAS PROD DERIVADOS CACAO
2874	21012	CREMINO CREMA DE AVELL. 24/12/26GR NUTRESA	NUTRESA	120	3528	CHOCOLATES Y DEMAS PROD DERIVADOS CACAO
2874	20651	FRATELO 24/16/10GR NUTRESA	NUTRESA	46	830.3	CHOCOLATES Y DEMAS PROD DERIVADOS CACAO
2874	20666	CHOKATO 24/12 NUTRESA	NUTRESA	50	1035	CHOCOLATES Y DEMAS PROD DERIVADOS CACAO
2874	20016	MUIBON AVELLANA  24/15 NUTRESA	NUTRESA	66	1074.018	CHOCOLATES Y DEMAS PROD DERIVADOS CACAO
2874	20354	MUIBON AVELLANA VIT 6/40/22GR NUTRESA	NUTRESA	10	1556.14	CHOCOLATES Y DEMAS PROD DERIVADOS CACAO
2874	20943	BALONES BOLSA 10/200 NUTRESA	NUTRESA	10	44	CHOCOLATES Y DEMAS PROD DERIVADOS CACAO
2874	20492	DISPONIBLE	NUTRESA	20	636	CHOCOLATES Y DEMAS PROD DERIVADOS CACAO
2874	20568	MONEDA ORO CHOC 18/48 NUTRESA	NUTRESA	80	1512	CHOCOLATES Y DEMAS PROD DERIVADOS CACAO
2874	20698	NUCITA TRISABOR VIT 6/54PZ NUTRESA	NUTRESA	10	353.1	PRODUCTOS DE CONFITERIA
2875	210536	ENVASE 1000ML SUAVE 20/25 REYMA	REYMA	1	15.674	Subfamilia de Varios
2876	180719	CHAROLA MARIEL 855 10/50 REYMA	REYMA	9	66.69	Subfamilia de Varios
2877	180719	CHAROLA MARIEL 855 10/50 REYMA	REYMA	9	66.69	Subfamilia de Varios
2878	180719	CHAROLA MARIEL 855 10/50 REYMA	REYMA	10	74.1	Subfamilia de Varios
2879	180719	CHAROLA MARIEL 855 10/50 REYMA	REYMA	10	74.1	Subfamilia de Varios
2880	210363	ENVASE 32J32 946ML 20/15 DART	DART	4	0.364	Subfamilia de Varios
2880	210469	VASO 14J16 50/20 DART	DART	1	21.891	Subfamilia de Varios
2880	210387	TAPA 32SL TRANSL.P/POP 5/100 DART	DART	2	43.57	Subfamilia de Varios
2881	210363	ENVASE 32J32 946ML 20/15 DART	DART	4	0.364	Subfamilia de Varios
2881	210469	VASO 14J16 50/20 DART	DART	1	21.891	Subfamilia de Varios
2881	210387	TAPA 32SL TRANSL.P/POP 5/100 DART	DART	2	43.57	Subfamilia de Varios
2882	210536	ENVASE 1000ML SUAVE 20/25 REYMA	REYMA	1	15.674	Subfamilia de Varios
2883	210536	ENVASE 1000ML SUAVE 20/25 REYMA	REYMA	1	15.674	Subfamilia de Varios
2884	150053	MEGA DONA C/CHILE 10/24/18GR GONAC	GONAC	6	87.666	BOTANAS
2884	150049	MEGA CHETO QUESO 10/24/18GR GONAC	GONAC	6	82.308	BOTANAS
2884	150342	MEGA HOT CHILI MIX 10/24/22GR GONAC	GONAC	100	2530	BOTANAS
2884	150309	MEGA DONA CON SALSA 10/24 GONAC	GONAC	3	72	BOTANAS
2884	150006	DISPONIBLE	GONAC	5	4.3	Subfamilia de Varios
2884	150017	DISPONIBLE	GONAC	5	7.5	Subfamilia de Varios
2884	150341	KIUBO RE-MIX 8/10/42GR GONAC	GONAC	40	1012	BOTANAS
2884	140595	BUBBALOO FRESA 32/50/5.8GR ADAMS	ADAMS	96	3552	Subfamilia de Varios
2884	140608	BUBBALOO GARRA 32/60 ADAMS	ADAMS	160	3552	Subfamilia de Varios
2884	140593	BUBBALOO MENTA 32/50/5.8GR ADAMS	ADAMS	96	3552	Subfamilia de Varios
2884	140592	BUBBALOO PLATANO 32/50/5.8GR ADAMS	ADAMS	96	3552	Subfamilia de Varios
2884	80470	BUBBAXTREME FRESA 16/20 ADAMS	ADAMS	3	56.865	PRODUCTOS DE CONFITERIA
2884	80471	BUBBAXTREME MORA AZUL 16/20 ADAMS	ADAMS	4	75.82	PRODUCTOS DE CONFITERIA
2884	140159	CLORETS 2 S 32/60 ADAMS	ADAMS	5	162.545	Subfamilia de Varios
2884	50025	HALLS MIEL 48/16PZ ADAMS	ADAMS	5	193.5	PRODUCTOS DE CONFITERIA
2884	50264	HALLS MORA 48/16 ADAMS	ADAMS	5	4.03	PRODUCTOS DE CONFITERIA
2884	140602	TRIDENT WHITE 4 S MENTA 40/40 ADAMS	ADAMS	3	123.645	Subfamilia de Varios
2884	140594	BUBBALOO MORA AZUL 32/50/5.8GR ADAMS	ADAMS	96	3552	Subfamilia de Varios
2884	140125	MAX AIR 2 DENTYNE ICE BLUE  32/100 ADAMS	ADAMS	3	93.48	Subfamilia de Varios
2884	20943	BALONES BOLSA 10/200 NUTRESA	NUTRESA	2	8.8	CHOCOLATES Y DEMAS PROD DERIVADOS CACAO
2884	150050	DONA ENCH 10/25 TOTIS	TOTIS	12	111.012	BOTANAS
2884	150063	CHETO BOLA C/QUESO 10/25 TOTIS	TOTIS	6	5.01	BOTANAS
2884	150011	DONA SIN SALSA 10/25 TOTIS	TOTIS	10	72.56	BOTANAS
2884	150015	MEGA PALOMITAS CH 10/24 TOTIS	TOTIS	6	0.09	BOTANAS
2884	150089	MEGA PALOMITA QUESO CHEDAR 10/24 TOTIS	TOTIS	5	73.05	BOTANAS
2884	150130	MEGA DONA C/CHILE 10/24 TOTIS	TOTIS	10	0.04	BOTANAS
2884	150190	MEGA DONA S/SALSA 10/24 TOTIS	TOTIS	5	21.56	BOTANAS
2884	150039	MEGA CHETO BOLA QUESO 10/24 TOTIS	TOTIS	5	3.805	BOTANAS
2884	150077	MEGA PARTY MIX 10/30 TOTIS	TOTIS	5	41.725	BOTANAS
2884	50109	DAMY 12/100PZ MONTES	MONTES	10	270.27	PRODUCTOS DE CONFITERIA
2884	50156	RICOS BESOS 20/100PZ MONTES	MONTES	3	58.62	PRODUCTOS DE CONFITERIA
2884	50811	CAR. TOFY 24/170GR MONTES	MONTES	3	36.9	PRODUCTOS DE CONFITERIA
2884	20366	ANDINETA MIX BOLSA 20/500GR MONTES	MONTES	1	14.545	PRODUCTOS DE CONFITERIA
2884	10245	BOCADIN CHOC BLS 12/50 BARCEL	BARCEL	12	210	PRODUCTOS DE CONFITERIA
2884	150044	TORTILLA NACHOS 3/1KG. BARCEL	BARCEL	5	30.5	BOTANAS
2884	20039	DUVALIN TRISABOR 24/18PZ BARCEL	BARCEL	12	125.004	PRODUCTOS DE CONFITERIA
2884	20069	DUVALIN AVE-FSA 24/18 BARCEL	BARCEL	6	59.862	PRODUCTOS DE CONFITERIA
2884	20526	DUVALIN AFVC 24/12 BARCEL	BARCEL	4	39.904	PRODUCTOS DE CONFITERIA
2884	20070	DUVALIN AVE-VAIN 24/18 BARCEL	BARCEL	6	7.272	PRODUCTOS DE CONFITERIA
2884	80029	PALETON TIRA 50/10PZ BARCEL	BARCEL	8	0.808	PRODUCTOS DE CONFITERIA
2884	380034	OBLEA TIRA 14GR CORONADO 45/6PZ BARCEL	BARCEL	225	1845	PRODUCTOS DE CONFITERIA
2884	50397	PAQUETE DIVERSION 6/1.5KG BARCEL	BARCEL	10	83	PRODUCTOS DE CONFITERIA
2884	50136	PANDITA 10/KG RICOLINO	RICOLINO	10	226.8	PRODUCTOS DE CONFITERIA
2884	50172	DULCIGOMAS 10/KG RICOLINO	RICOLINO	5	102.51	PRODUCTOS DE CONFITERIA
2884	20023	LUNETA 6/KG RICOLINO	RICOLINO	5	70	CHOCOLATES Y DEMAS PROD DERIVADOS CACAO
2884	50084	KRANKY 6/KG RICOLINO	RICOLINO	5	183.735	ALEMNTOS PREPARADOS A BASE CEREAL
2884	380001	OBLEA TIRA 50/10PZ BARCEL	BARCEL	6	28.674	PRODUCTOS DE CONFITERIA
2884	150014	SABRISURTIDO 1/30PZ ALEGRO	ALEGRO	30	2108.46	BOTANAS
2884	150036	DISPONIBLE	ALEGRO	5	50	BOTANAS
2884	90083	BOMBON MEDIANO 15/400GR DLR	DLR	5	64.5	PRODUCTOS DE CONFITERIA
2884	90082	BOMBON GIGANTE 15/400GR DLR	DLR	15	184.5	PRODUCTOS DE CONFITERIA
2884	90017	BOMBON MINI MINI 4/30/28GR DLR	DLR	10	66.01	PRODUCTOS DE CONFITERIA
2884	90002	BOMBON MINI MINI 5/50/15GR DLR	DLR	5	50.22	PRODUCTOS DE CONFITERIA
2884	90043	BOMBON SUPER GTE COLORES C/5 DLR	DLR	5	70.6	PRODUCTOS DE CONFITERIA
2884	90087	BOMBON SUPER GTE BCO/ROSA C/5 DLR	DLR	10	31.48	PRODUCTOS DE CONFITERIA
2884	90011	BOMBON CHOC.20/50PZ DLR	DLR	15	20.34	PRODUCTOS DE CONFITERIA
2884	290081	DISPONIBLE	GONAC	15	294	Subfamilia de Varios
2884	140102	BABY BABU 24/100PZ DLR	DLR	2	23.398	Subfamilia de Varios
2884	50058	CAR C/CHICLE 24/100 DLR	DLR	3	1.266	PRODUCTOS DE CONFITERIA
2884	50253	CHOC MINI COCONUGS 18/24 DLR	DLR	2	34.75	CHOCOLATES Y DEMAS PROD DERIVADOS CACAO
2884	10044	CHOC MINI DRUMS 16/24 DLR	DLR	2	16.82	CHOCOLATES Y DEMAS PROD DERIVADOS CACAO
2884	20274	CHOC MINI NUGS 18/24 DLR	DLR	2	21.678	CHOCOLATES Y DEMAS PROD DERIVADOS CACAO
2884	20278	CHOC MINI SUIZO 25/25 DLR	DLR	3	41.247	CHOCOLATES Y DEMAS PROD DERIVADOS CACAO
2884	20276	CHOC SUIZO 20/16PZ DLR	DLR	2	35.936	CHOCOLATES Y DEMAS PROD DERIVADOS CACAO
2884	20373	CHOC SUIZO C/ALMENDRA 20/16 DLR	DLR	2	35.936	CHOCOLATES Y DEMAS PROD DERIVADOS CACAO
2884	120014	MAZAPAN CHICO 25/60/12.5GR DLR	DLR	7	4.48	PRODUCTOS DE CONFITERIA
2884	120013	MAZAPAN GRANDE 20/30/28GR DLR	DLR	7	7.322	PRODUCTOS DE CONFITERIA
2884	40106	SALSA BOTANERA CLASICA 12/1.5LT PALMEX	PALMEX	4	60.8	Subfamilia de Varios
2884	40108	SALSA BOTANERA CLASICA 12/1LT PALMEX	PALMEX	4	41.2	Subfamilia de Varios
2884	40116	SALSA BOTANERA CLASICA 24/500ML PALMEX	PALMEX	48	316.8	Subfamilia de Varios
2884	40107	SALSA BOTANERA CLASICA 6/4.1LT PALMEX	PALMEX	2	65.4	Subfamilia de Varios
2884	40109	SALSA 12/1000LT DON VASCO	DON VASCO	2	15.666	Subfamilia de Varios
2884	40013	SALSA 20/500ML DON VASCO	DON VASCO	3	14.001	Subfamilia de Varios
2884	40095	SALSA 3/5 LT DON VASCO	DON VASCO	16	469.328	Subfamilia de Varios
2884	40118	SALSA TAXQUE헤 6/4LT JOSEFINA	JOSEFINA	2	18.4	Subfamilia de Varios
2884	40133	SALSA V.NEGRA 12/1LT DLR	DLR	2	16.364	Subfamilia de Varios
2884	40243	SALSA V.ROJA 12/1LT DLR	DLR	2	14.848	Subfamilia de Varios
2884	150128	MINICUADRO PAPA 15KG.PALMEX	PALMEX	1	13.914	BOTANAS
2884	150121	MINIRUEDA C/15KG.PALMEX	PALMEX	1	12.003	BOTANAS
2884	150098	PASTA OLA C/20 PALMEX	PALMEX	1	11.035	BOTANAS
2884	150120	RUEDA C/15KG. PALMEX	PALMEX	1	10.337	BOTANAS
2885	150053	MEGA DONA C/CHILE 10/24/18GR GONAC	GONAC	6	87.666	BOTANAS
2885	150049	MEGA CHETO QUESO 10/24/18GR GONAC	GONAC	6	82.308	BOTANAS
2885	150342	MEGA HOT CHILI MIX 10/24/22GR GONAC	GONAC	100	2530	BOTANAS
2885	150309	MEGA DONA CON SALSA 10/24 GONAC	GONAC	3	72	BOTANAS
2885	150006	DISPONIBLE	GONAC	5	4.3	Subfamilia de Varios
2885	150017	DISPONIBLE	GONAC	5	7.5	Subfamilia de Varios
2885	150341	KIUBO RE-MIX 8/10/42GR GONAC	GONAC	40	1012	BOTANAS
2885	140595	BUBBALOO FRESA 32/50/5.8GR ADAMS	ADAMS	96	3552	Subfamilia de Varios
2885	140608	BUBBALOO GARRA 32/60 ADAMS	ADAMS	160	3552	Subfamilia de Varios
2885	140593	BUBBALOO MENTA 32/50/5.8GR ADAMS	ADAMS	96	3552	Subfamilia de Varios
2885	140592	BUBBALOO PLATANO 32/50/5.8GR ADAMS	ADAMS	96	3552	Subfamilia de Varios
2885	80470	BUBBAXTREME FRESA 16/20 ADAMS	ADAMS	3	56.865	PRODUCTOS DE CONFITERIA
2885	80471	BUBBAXTREME MORA AZUL 16/20 ADAMS	ADAMS	4	75.82	PRODUCTOS DE CONFITERIA
2885	140159	CLORETS 2 S 32/60 ADAMS	ADAMS	5	162.545	Subfamilia de Varios
2885	50025	HALLS MIEL 48/16PZ ADAMS	ADAMS	5	193.5	PRODUCTOS DE CONFITERIA
2885	50264	HALLS MORA 48/16 ADAMS	ADAMS	5	4.03	PRODUCTOS DE CONFITERIA
2885	140602	TRIDENT WHITE 4 S MENTA 40/40 ADAMS	ADAMS	3	123.645	Subfamilia de Varios
2885	140594	BUBBALOO MORA AZUL 32/50/5.8GR ADAMS	ADAMS	96	3552	Subfamilia de Varios
2885	140125	MAX AIR 2 DENTYNE ICE BLUE  32/100 ADAMS	ADAMS	3	93.48	Subfamilia de Varios
2885	20943	BALONES BOLSA 10/200 NUTRESA	NUTRESA	2	8.8	CHOCOLATES Y DEMAS PROD DERIVADOS CACAO
2885	150050	DONA ENCH 10/25 TOTIS	TOTIS	12	111.012	BOTANAS
2885	150063	CHETO BOLA C/QUESO 10/25 TOTIS	TOTIS	6	5.01	BOTANAS
2885	150011	DONA SIN SALSA 10/25 TOTIS	TOTIS	10	72.56	BOTANAS
2885	150015	MEGA PALOMITAS CH 10/24 TOTIS	TOTIS	6	0.09	BOTANAS
2885	150089	MEGA PALOMITA QUESO CHEDAR 10/24 TOTIS	TOTIS	5	73.05	BOTANAS
2885	150130	MEGA DONA C/CHILE 10/24 TOTIS	TOTIS	10	0.04	BOTANAS
2885	150190	MEGA DONA S/SALSA 10/24 TOTIS	TOTIS	5	21.56	BOTANAS
2885	150039	MEGA CHETO BOLA QUESO 10/24 TOTIS	TOTIS	5	3.805	BOTANAS
2885	150077	MEGA PARTY MIX 10/30 TOTIS	TOTIS	5	41.725	BOTANAS
2885	50109	DAMY 12/100PZ MONTES	MONTES	10	270.27	PRODUCTOS DE CONFITERIA
2885	50156	RICOS BESOS 20/100PZ MONTES	MONTES	3	58.62	PRODUCTOS DE CONFITERIA
2885	50811	CAR. TOFY 24/170GR MONTES	MONTES	3	36.9	PRODUCTOS DE CONFITERIA
2885	20366	ANDINETA MIX BOLSA 20/500GR MONTES	MONTES	1	14.545	PRODUCTOS DE CONFITERIA
2885	10245	BOCADIN CHOC BLS 12/50 BARCEL	BARCEL	12	210	PRODUCTOS DE CONFITERIA
2885	150044	TORTILLA NACHOS 3/1KG. BARCEL	BARCEL	5	30.5	BOTANAS
2885	20039	DUVALIN TRISABOR 24/18PZ BARCEL	BARCEL	12	125.004	PRODUCTOS DE CONFITERIA
2885	20069	DUVALIN AVE-FSA 24/18 BARCEL	BARCEL	6	59.862	PRODUCTOS DE CONFITERIA
2885	20526	DUVALIN AFVC 24/12 BARCEL	BARCEL	4	39.904	PRODUCTOS DE CONFITERIA
2885	20070	DUVALIN AVE-VAIN 24/18 BARCEL	BARCEL	6	7.272	PRODUCTOS DE CONFITERIA
2885	80029	PALETON TIRA 50/10PZ BARCEL	BARCEL	8	0.808	PRODUCTOS DE CONFITERIA
2885	380034	OBLEA TIRA 14GR CORONADO 45/6PZ BARCEL	BARCEL	225	1845	PRODUCTOS DE CONFITERIA
2885	50397	PAQUETE DIVERSION 6/1.5KG BARCEL	BARCEL	10	83	PRODUCTOS DE CONFITERIA
2885	50136	PANDITA 10/KG RICOLINO	RICOLINO	10	226.8	PRODUCTOS DE CONFITERIA
2885	50172	DULCIGOMAS 10/KG RICOLINO	RICOLINO	5	102.51	PRODUCTOS DE CONFITERIA
2885	20023	LUNETA 6/KG RICOLINO	RICOLINO	5	70	CHOCOLATES Y DEMAS PROD DERIVADOS CACAO
2885	50084	KRANKY 6/KG RICOLINO	RICOLINO	5	183.735	ALEMNTOS PREPARADOS A BASE CEREAL
2885	380001	OBLEA TIRA 50/10PZ BARCEL	BARCEL	6	28.674	PRODUCTOS DE CONFITERIA
2885	150014	SABRISURTIDO 1/30PZ ALEGRO	ALEGRO	30	2108.46	BOTANAS
2885	150036	DISPONIBLE	ALEGRO	5	50	BOTANAS
2885	90083	BOMBON MEDIANO 15/400GR DLR	DLR	5	64.5	PRODUCTOS DE CONFITERIA
2885	90082	BOMBON GIGANTE 15/400GR DLR	DLR	15	184.5	PRODUCTOS DE CONFITERIA
2885	90017	BOMBON MINI MINI 4/30/28GR DLR	DLR	10	66.01	PRODUCTOS DE CONFITERIA
2885	90002	BOMBON MINI MINI 5/50/15GR DLR	DLR	5	50.22	PRODUCTOS DE CONFITERIA
2885	90043	BOMBON SUPER GTE COLORES C/5 DLR	DLR	5	70.6	PRODUCTOS DE CONFITERIA
2885	90087	BOMBON SUPER GTE BCO/ROSA C/5 DLR	DLR	10	31.48	PRODUCTOS DE CONFITERIA
2885	90011	BOMBON CHOC.20/50PZ DLR	DLR	15	20.34	PRODUCTOS DE CONFITERIA
2885	290081	DISPONIBLE	GONAC	15	294	Subfamilia de Varios
2885	140102	BABY BABU 24/100PZ DLR	DLR	2	23.398	Subfamilia de Varios
2885	50058	CAR C/CHICLE 24/100 DLR	DLR	3	1.266	PRODUCTOS DE CONFITERIA
2885	50253	CHOC MINI COCONUGS 18/24 DLR	DLR	2	34.75	CHOCOLATES Y DEMAS PROD DERIVADOS CACAO
2885	10044	CHOC MINI DRUMS 16/24 DLR	DLR	2	16.82	CHOCOLATES Y DEMAS PROD DERIVADOS CACAO
2885	20274	CHOC MINI NUGS 18/24 DLR	DLR	2	21.678	CHOCOLATES Y DEMAS PROD DERIVADOS CACAO
2885	20278	CHOC MINI SUIZO 25/25 DLR	DLR	3	41.247	CHOCOLATES Y DEMAS PROD DERIVADOS CACAO
2885	20276	CHOC SUIZO 20/16PZ DLR	DLR	2	35.936	CHOCOLATES Y DEMAS PROD DERIVADOS CACAO
2885	20373	CHOC SUIZO C/ALMENDRA 20/16 DLR	DLR	2	35.936	CHOCOLATES Y DEMAS PROD DERIVADOS CACAO
2885	120014	MAZAPAN CHICO 25/60/12.5GR DLR	DLR	7	4.48	PRODUCTOS DE CONFITERIA
2885	120013	MAZAPAN GRANDE 20/30/28GR DLR	DLR	7	7.322	PRODUCTOS DE CONFITERIA
2885	40106	SALSA BOTANERA CLASICA 12/1.5LT PALMEX	PALMEX	4	60.8	Subfamilia de Varios
2885	40108	SALSA BOTANERA CLASICA 12/1LT PALMEX	PALMEX	4	41.2	Subfamilia de Varios
2885	40116	SALSA BOTANERA CLASICA 24/500ML PALMEX	PALMEX	48	316.8	Subfamilia de Varios
2885	40107	SALSA BOTANERA CLASICA 6/4.1LT PALMEX	PALMEX	2	65.4	Subfamilia de Varios
2885	40109	SALSA 12/1000LT DON VASCO	DON VASCO	2	15.666	Subfamilia de Varios
2885	40013	SALSA 20/500ML DON VASCO	DON VASCO	3	14.001	Subfamilia de Varios
2885	40095	SALSA 3/5 LT DON VASCO	DON VASCO	16	469.328	Subfamilia de Varios
2885	40118	SALSA TAXQUE헤 6/4LT JOSEFINA	JOSEFINA	2	18.4	Subfamilia de Varios
2885	40133	SALSA V.NEGRA 12/1LT DLR	DLR	2	16.364	Subfamilia de Varios
2885	40243	SALSA V.ROJA 12/1LT DLR	DLR	2	14.848	Subfamilia de Varios
2885	150128	MINICUADRO PAPA 15KG.PALMEX	PALMEX	1	13.914	BOTANAS
2885	150121	MINIRUEDA C/15KG.PALMEX	PALMEX	1	12.003	BOTANAS
2885	150098	PASTA OLA C/20 PALMEX	PALMEX	1	11.035	BOTANAS
2885	150120	RUEDA C/15KG. PALMEX	PALMEX	1	10.337	BOTANAS
2886	360101	CUCHARA CHICA ROJA 60/50 MARGARITA	MARGARITA	2	8.584	Subfamilia de Varios
2886	310052	FRASCO 500ML 83/PZ DIPLAST	DIPLAST	1	1.95	Subfamilia de Varios
2886	310014	1/2 GALON BARRIL 50/PZ DIPLAST	DIPLAST	1	3.6	Subfamilia de Varios
2886	310054	1/2 GALON LISO 50/PZ DIPLAST	DIPLAST	1	3.6	Subfamilia de Varios
2886	310017	1/2 GALON OCTAGONAL 50/PZ DIPLAST	DIPLAST	1	3.6	Subfamilia de Varios
2886	310027	1/2 GALON AGARRADERA O COSTILLA 55/PZ DIPLAST	DIPLAST	1	3.6	Subfamilia de Varios
2886	310062	GALON LISO 50/PZ DIPLAST	DIPLAST	1	4.7	Subfamilia de Varios
2886	310061	GALON AGARRADERA O COSTILLA 60/PZ DIPLAST	DIPLAST	1	6.348	Subfamilia de Varios
2886	150125	ARITOS CEREAL 3KG. PALMEX	PALMEX	2	90.972	ALEMNTOS PREPARADOS A BASE CEREAL
2886	310055	1/4 GALON LISO 60/PZ DIPLAST	DIPLAST	5	15	Subfamilia de Varios
2886	300015	BOLSA 08*22 NATURAL 25/KG CIMAPLAS	CIMAPLAS	2	173.84	Subfamilia de Varios
2887	360101	CUCHARA CHICA ROJA 60/50 MARGARITA	MARGARITA	2	8.584	Subfamilia de Varios
2887	310052	FRASCO 500ML 83/PZ DIPLAST	DIPLAST	1	1.95	Subfamilia de Varios
2887	310014	1/2 GALON BARRIL 50/PZ DIPLAST	DIPLAST	1	3.6	Subfamilia de Varios
2887	310054	1/2 GALON LISO 50/PZ DIPLAST	DIPLAST	1	3.6	Subfamilia de Varios
2887	310017	1/2 GALON OCTAGONAL 50/PZ DIPLAST	DIPLAST	1	3.6	Subfamilia de Varios
2887	310027	1/2 GALON AGARRADERA O COSTILLA 55/PZ DIPLAST	DIPLAST	1	3.6	Subfamilia de Varios
2887	310062	GALON LISO 50/PZ DIPLAST	DIPLAST	1	4.7	Subfamilia de Varios
2887	310061	GALON AGARRADERA O COSTILLA 60/PZ DIPLAST	DIPLAST	1	6.348	Subfamilia de Varios
2887	150125	ARITOS CEREAL 3KG. PALMEX	PALMEX	2	90.972	ALEMNTOS PREPARADOS A BASE CEREAL
2887	310055	1/4 GALON LISO 60/PZ DIPLAST	DIPLAST	5	15	Subfamilia de Varios
2887	300015	BOLSA 08*22 NATURAL 25/KG CIMAPLAS	CIMAPLAS	2	173.84	Subfamilia de Varios
2888	150130	MEGA DONA C/CHILE 10/24 TOTIS	TOTIS	2	0.008	BOTANAS
2888	150058	MEGA CHICHARRON C/CHILE 10/24 TOTIS	TOTIS	2	0.29	BOTANAS
2888	150190	MEGA DONA S/SALSA 10/24 TOTIS	TOTIS	2	8.624	BOTANAS
2888	150087	MEGA CABELLIN 10/24 TOTIS	TOTIS	2	5.78	BOTANAS
2888	150077	MEGA PARTY MIX 10/30 TOTIS	TOTIS	2	16.69	BOTANAS
2888	150089	MEGA PALOMITA QUESO CHEDAR 10/24 TOTIS	TOTIS	2	29.22	BOTANAS
2888	150015	MEGA PALOMITAS CH 10/24 TOTIS	TOTIS	2	0.03	BOTANAS
2888	150050	DONA ENCH 10/25 TOTIS	TOTIS	2	18.502	BOTANAS
2888	150011	DONA SIN SALSA 10/25 TOTIS	TOTIS	2	14.512	BOTANAS
2888	150014	SABRISURTIDO 1/30PZ ALEGRO	ALEGRO	10	702.82	BOTANAS
2888	150016	SABRIMAYOREO 44PZ ALEGRO	ALEGRO	10	1350	BOTANAS
2888	150086	SABRIMINIS 50 DIP 1/2/914GR ALEGRO	ALEGRO	2	56.82	BOTANAS
2888	120641	CACAH. KARATE 1/50/50GR ALEGRO	ALEGRO	10	137.5	BOTANAS
2888	90108	DISPONIBLE	BARCEL	1	13.5	PRODUCTOS DE CONFITERIA
2888	20070	DUVALIN AVE-VAIN 24/18 BARCEL	BARCEL	3	3.636	PRODUCTOS DE CONFITERIA
2888	20069	DUVALIN AVE-FSA 24/18 BARCEL	BARCEL	3	29.931	PRODUCTOS DE CONFITERIA
2888	50397	PAQUETE DIVERSION 6/1.5KG BARCEL	BARCEL	5	41.5	PRODUCTOS DE CONFITERIA
2888	10245	BOCADIN CHOC BLS 12/50 BARCEL	BARCEL	5	87.5	PRODUCTOS DE CONFITERIA
2888	80223	PAL BOLA CAJETA 20/40  BARCEL	BARCEL	1	291.06	PRODUCTOS DE CONFITERIA
2888	150019	DISPONIBLE	BARCEL	2	15.4	BOTANAS
2888	50010	CHOCORETAS 6/KG RICOLINO	RICOLINO	2	58.95	CHOCOLATES Y DEMAS PROD DERIVADOS CACAO
2888	50172	DULCIGOMAS 10/KG RICOLINO	RICOLINO	2	41.004	PRODUCTOS DE CONFITERIA
2888	20405	NUCITA TRISABOR 24/16 NUTRESA	NUTRESA	3	25.011	PRODUCTOS DE CONFITERIA
2888	20153	NUCITA VAINI/FRESA 24/16PZ NUTRESA	NUTRESA	2	18.728	PRODUCTOS DE CONFITERIA
2888	40095	SALSA 3/5 LT DON VASCO	DON VASCO	3	87.999	Subfamilia de Varios
2888	40035	SALSA 3/4LT DON VASCO	DON VASCO	2	52.064	Subfamilia de Varios
2888	40004	SALSA CHAMOY 12/1000 DON VASCO	DON VASCO	2	66	Subfamilia de Varios
2888	40055	SALSA TAXQUE헤 12/1.5LT JOSEFINA	JOSEFINA	1	7.743	Subfamilia de Varios
2888	80091	PAL BOMBA C/CHILE 24/40 VERO	VERO	1	65.928	PRODUCTOS DE CONFITERIA
2888	80071	PAL BROCHITA PINTA A 24/48 VERO	VERO	1	25.432	PRODUCTOS DE CONFITERIA
2888	80062	PAL CHUPADEDO 22GRS 24/30 VERO	VERO	1	7.4	PRODUCTOS DE CONFITERIA
2888	80455	PAL MANGO C/CH 24/40 VERO	VERO	1	15.3	PRODUCTOS DE CONFITERIA
2888	80136	PAL ELOTE C/CH 24/40PZ VERO	VERO	1	18.16	PRODUCTOS DE CONFITERIA
2888	80134	DISPONIBLE	VERO	1	30.46	PRODUCTOS DE CONFITERIA
2888	90005	BOMBON REDONDO AZUL 12/400 VERO	VERO	1	7.122	PRODUCTOS DE CONFITERIA
2888	90246	BOMBON REDONDO BLANCO 12/400 VERO	VERO	1	11.2	PRODUCTOS DE CONFITERIA
2888	90054	BOMBON TRENCITAS 12/400GR VERO	VERO	1	9.701	PRODUCTOS DE CONFITERIA
2888	90003	TUBIFRESA 12/70 VERO	VERO	1	8.909	PRODUCTOS DE CONFITERIA
2888	40108	SALSA BOTANERA CLASICA 12/1LT PALMEX	PALMEX	1	10.3	Subfamilia de Varios
2888	40106	SALSA BOTANERA CLASICA 12/1.5LT PALMEX	PALMEX	1	15.2	Subfamilia de Varios
2888	40116	SALSA BOTANERA CLASICA 24/500ML PALMEX	PALMEX	24	158.4	Subfamilia de Varios
2888	90094	BOMBON BIANCHI FLOR 15/400 DLR	DLR	1	12.9	PRODUCTOS DE CONFITERIA
2888	90017	BOMBON MINI MINI 4/30/28GR DLR	DLR	5	33.005	PRODUCTOS DE CONFITERIA
2888	40133	SALSA V.NEGRA 12/1LT DLR	DLR	2	16.364	Subfamilia de Varios
2888	90011	BOMBON CHOC.20/50PZ DLR	DLR	10	13.56	PRODUCTOS DE CONFITERIA
2888	80410	PAL MINI JUMBO CZA 25/50PZ DLR	DLR	1	0.463	PRODUCTOS DE CONFITERIA
2888	150121	MINIRUEDA C/15KG.PALMEX	PALMEX	1	12.003	BOTANAS
2888	80470	BUBBAXTREME FRESA 16/20 ADAMS	ADAMS	1	18.955	PRODUCTOS DE CONFITERIA
2888	80471	BUBBAXTREME MORA AZUL 16/20 ADAMS	ADAMS	2	37.91	PRODUCTOS DE CONFITERIA
2888	80954	BUBBAXTREME PIK FUEGO 16/20 ADAMS	ADAMS	32	782.4	PRODUCTOS DE CONFITERIA
2889	150130	MEGA DONA C/CHILE 10/24 TOTIS	TOTIS	2	0.008	BOTANAS
2889	150058	MEGA CHICHARRON C/CHILE 10/24 TOTIS	TOTIS	2	0.29	BOTANAS
2889	150190	MEGA DONA S/SALSA 10/24 TOTIS	TOTIS	2	8.624	BOTANAS
2889	150087	MEGA CABELLIN 10/24 TOTIS	TOTIS	2	5.78	BOTANAS
2889	150077	MEGA PARTY MIX 10/30 TOTIS	TOTIS	2	16.69	BOTANAS
2889	150089	MEGA PALOMITA QUESO CHEDAR 10/24 TOTIS	TOTIS	2	29.22	BOTANAS
2889	150015	MEGA PALOMITAS CH 10/24 TOTIS	TOTIS	2	0.03	BOTANAS
2889	150050	DONA ENCH 10/25 TOTIS	TOTIS	2	18.502	BOTANAS
2889	150011	DONA SIN SALSA 10/25 TOTIS	TOTIS	2	14.512	BOTANAS
2889	150014	SABRISURTIDO 1/30PZ ALEGRO	ALEGRO	10	702.82	BOTANAS
2889	150016	SABRIMAYOREO 44PZ ALEGRO	ALEGRO	10	1350	BOTANAS
2889	150086	SABRIMINIS 50 DIP 1/2/914GR ALEGRO	ALEGRO	2	56.82	BOTANAS
2889	120641	CACAH. KARATE 1/50/50GR ALEGRO	ALEGRO	10	137.5	BOTANAS
2889	90108	DISPONIBLE	BARCEL	1	13.5	PRODUCTOS DE CONFITERIA
2889	20070	DUVALIN AVE-VAIN 24/18 BARCEL	BARCEL	3	3.636	PRODUCTOS DE CONFITERIA
2889	20069	DUVALIN AVE-FSA 24/18 BARCEL	BARCEL	3	29.931	PRODUCTOS DE CONFITERIA
2889	50397	PAQUETE DIVERSION 6/1.5KG BARCEL	BARCEL	5	41.5	PRODUCTOS DE CONFITERIA
2889	10245	BOCADIN CHOC BLS 12/50 BARCEL	BARCEL	5	87.5	PRODUCTOS DE CONFITERIA
2889	80223	PAL BOLA CAJETA 20/40  BARCEL	BARCEL	1	291.06	PRODUCTOS DE CONFITERIA
2889	150019	DISPONIBLE	BARCEL	2	15.4	BOTANAS
2889	50010	CHOCORETAS 6/KG RICOLINO	RICOLINO	2	58.95	CHOCOLATES Y DEMAS PROD DERIVADOS CACAO
2889	50172	DULCIGOMAS 10/KG RICOLINO	RICOLINO	2	41.004	PRODUCTOS DE CONFITERIA
2889	20405	NUCITA TRISABOR 24/16 NUTRESA	NUTRESA	3	25.011	PRODUCTOS DE CONFITERIA
2889	20153	NUCITA VAINI/FRESA 24/16PZ NUTRESA	NUTRESA	2	18.728	PRODUCTOS DE CONFITERIA
2889	40095	SALSA 3/5 LT DON VASCO	DON VASCO	3	87.999	Subfamilia de Varios
2889	40035	SALSA 3/4LT DON VASCO	DON VASCO	2	52.064	Subfamilia de Varios
2889	40004	SALSA CHAMOY 12/1000 DON VASCO	DON VASCO	2	66	Subfamilia de Varios
2889	40055	SALSA TAXQUE헤 12/1.5LT JOSEFINA	JOSEFINA	1	7.743	Subfamilia de Varios
2889	80091	PAL BOMBA C/CHILE 24/40 VERO	VERO	1	65.928	PRODUCTOS DE CONFITERIA
2889	80071	PAL BROCHITA PINTA A 24/48 VERO	VERO	1	25.432	PRODUCTOS DE CONFITERIA
2889	80062	PAL CHUPADEDO 22GRS 24/30 VERO	VERO	1	7.4	PRODUCTOS DE CONFITERIA
2889	80455	PAL MANGO C/CH 24/40 VERO	VERO	1	15.3	PRODUCTOS DE CONFITERIA
2889	80136	PAL ELOTE C/CH 24/40PZ VERO	VERO	1	18.16	PRODUCTOS DE CONFITERIA
2889	80134	DISPONIBLE	VERO	1	30.46	PRODUCTOS DE CONFITERIA
2889	90005	BOMBON REDONDO AZUL 12/400 VERO	VERO	1	7.122	PRODUCTOS DE CONFITERIA
2889	90246	BOMBON REDONDO BLANCO 12/400 VERO	VERO	1	11.2	PRODUCTOS DE CONFITERIA
2889	90054	BOMBON TRENCITAS 12/400GR VERO	VERO	1	9.701	PRODUCTOS DE CONFITERIA
2889	90003	TUBIFRESA 12/70 VERO	VERO	1	8.909	PRODUCTOS DE CONFITERIA
2889	40108	SALSA BOTANERA CLASICA 12/1LT PALMEX	PALMEX	1	10.3	Subfamilia de Varios
2889	40106	SALSA BOTANERA CLASICA 12/1.5LT PALMEX	PALMEX	1	15.2	Subfamilia de Varios
2889	40116	SALSA BOTANERA CLASICA 24/500ML PALMEX	PALMEX	24	158.4	Subfamilia de Varios
2889	90094	BOMBON BIANCHI FLOR 15/400 DLR	DLR	1	12.9	PRODUCTOS DE CONFITERIA
2889	90017	BOMBON MINI MINI 4/30/28GR DLR	DLR	5	33.005	PRODUCTOS DE CONFITERIA
2889	40133	SALSA V.NEGRA 12/1LT DLR	DLR	2	16.364	Subfamilia de Varios
2889	90011	BOMBON CHOC.20/50PZ DLR	DLR	10	13.56	PRODUCTOS DE CONFITERIA
2889	80410	PAL MINI JUMBO CZA 25/50PZ DLR	DLR	1	0.463	PRODUCTOS DE CONFITERIA
2889	150121	MINIRUEDA C/15KG.PALMEX	PALMEX	1	12.003	BOTANAS
2889	80470	BUBBAXTREME FRESA 16/20 ADAMS	ADAMS	1	18.955	PRODUCTOS DE CONFITERIA
2889	80471	BUBBAXTREME MORA AZUL 16/20 ADAMS	ADAMS	2	37.91	PRODUCTOS DE CONFITERIA
2889	80954	BUBBAXTREME PIK FUEGO 16/20 ADAMS	ADAMS	32	782.4	PRODUCTOS DE CONFITERIA
2890	180306	CH. #835 10/50 URPRI	URPRI	3	3391.668	Subfamilia de Varios
2890	180223	PLATO #8D 25/20 URPRI	URPRI	5	0.695	Subfamilia de Varios
2890	180211	PLATO #6 25/20PZ URPRI	URPRI	5	7704.82	Subfamilia de Varios
2890	360101	CUCHARA CHICA ROJA 60/50 MARGARITA	MARGARITA	5	21.46	Subfamilia de Varios
2890	360214	CUCHARA CHICA BLANCA 60/50 MARGARITA	MARGARITA	5	18.965	Subfamilia de Varios
2890	360226	CUCHARA CHICA AZUL 60/50 MARGARITA	MARGARITA	1	5.23	Subfamilia de Varios
2890	210403	VASO 8JY8 40/25 DART	DART	5	0.105	Subfamilia de Varios
2890	210357	VASO 6J6 40/25 DART	DART	2	0.002	Subfamilia de Varios
2890	180411	CHAROLA 66 PIC NIC 10/50 CONVERMEX	CONVERMEX	5	91.6	Subfamilia de Varios
2890	180545	PLATO 9 D 25/20 CONVERMEX	CONVERMEX	5	0.715	Subfamilia de Varios
2890	180149	PLATO PH6 25/20 CONVERMEX	CONVERMEX	5	68.29	Subfamilia de Varios
2890	210016	VASO # 108 40/25PZ CONVERMEX	CONVERMEX	5	0.325	Subfamilia de Varios
2890	210017	VASO # 110 40/25PZ CONVERMEX	CONVERMEX	3	13.149	Subfamilia de Varios
2890	210287	VASO # 114 20/25 CONVERMEX	CONVERMEX	3	20.304	Subfamilia de Varios
2890	210020	VASO # 116 25/20PZ CONVERMEX	CONVERMEX	5	67.715	Subfamilia de Varios
2890	210057	VASO # 132 20/15 CONVERMEX	CONVERMEX	5	0.5	Subfamilia de Varios
2890	210146	VASO # 732 20/15PZ CONVERMEX	CONVERMEX	5	2.475	Subfamilia de Varios
2890	360052	TENEDOR MEDIANO 40/25 CONVERMEX	CONVERMEX	5	17.85	Subfamilia de Varios
2890	180719	CHAROLA MARIEL 855 10/50 REYMA	REYMA	10	74.1	Subfamilia de Varios
2890	180722	CHAROLA MARIEL 66 10/50 REYMA	REYMA	10	57.5	Subfamilia de Varios
2890	180945	HAMBURGUESERA 20/25 REYMA	REYMA	3	54.96	Subfamilia de Varios
2890	180311	CONTENEDOR 9X9 DIV 8/25 REYMA	REYMA	3	16.32	Subfamilia de Varios
2890	180753	CONTENEDOR 8X8 LISO 8/25 REYMA	REYMA	3	17.34	Subfamilia de Varios
2890	180514	CONTENEDOR 8X8 DIV 8/25 REYMA	REYMA	3	54.96	Subfamilia de Varios
2890	182480	CONTENEDOR 7X7 DIV 8/25 REYMA	REYMA	24	500.688	Subfamilia de Varios
2890	210721	TAPA BOPS 1 OZ 25/100 REYMA	REYMA	3	23.016	Subfamilia de Varios
2890	210414	VASO #10 20/50 PZ REYMA	REYMA	5	20929.315	Subfamilia de Varios
2890	210059	VASO # 16 LARGO 40/25 REYMA	REYMA	3	35.34	Subfamilia de Varios
2890	210536	ENVASE 1000ML SUAVE 20/25 REYMA	REYMA	3	47.022	Subfamilia de Varios
2890	210210	ENVASE 1/2  SUAVE 20/25 REYMA	REYMA	2	52.172	Subfamilia de Varios
2890	400115	POPOTE 26CM GRANEL NATURAL 5/KG POGN26 REYMA	REYMA	25	0	Subfamilia de Varios
2890	400107	POPOTE 21CM ESTUC BLANCO 4/500PZ POCESB21 REYMA	REYMA	20	651.72	Subfamilia de Varios
2890	370036	PALO 6X17 C/PUNTA 50/500GR GUTIERREZ	GUTIERREZ	1	5.9	Subfamilia de Varios
2890	370039	CUADRADO 11CM 50/500GR GUTIERREZ	GUTIERREZ	1	0.036	Subfamilia de Varios
2890	220027	GEL UVA 50/140GR GARI	GARI	1	5.66	Subfamilia de Varios
2890	220018	GEL FRESA 50/140GR GARI	GARI	1	6.798	Subfamilia de Varios
2890	220077	GEL MANDARINA 50/140GR GARI	GARI	1	7.5	Subfamilia de Varios
2890	220021	GEL JEREZ 50/140GR GARI	GARI	1	5.66	Subfamilia de Varios
2890	220017	GEL FRAMBUESA 50/140GR GARI	GARI	1	5.66	Subfamilia de Varios
2890	220149	GEL MANZANA 50/140GR GARI	GARI	1	12.5	Subfamilia de Varios
2890	220016	GEL FRESA LECHE 50/140GR GARI	GARI	1	5.36	Subfamilia de Varios
2890	220020	GEL GROSELLA 50/140GR GARI	GARI	1	0.308	Subfamilia de Varios
2890	220026	GEL PI헤 50/140GR GARI	GARI	1	5.72	Subfamilia de Varios
2890	220049	FLAN 50/140GR GARI	GARI	1	3.303	Subfamilia de Varios
2890	300362	BOLSA 35*45 ROLLO 16/500 C30 CIMAPLAS	CIMAPLAS	1	44.958	Subfamilia de Varios
2890	300015	BOLSA 08*22 NATURAL 25/KG CIMAPLAS	CIMAPLAS	1	86.92	Subfamilia de Varios
2890	300070	BOLSA 30*40 ROLLO 16/500 CIMAPLAS	CIMAPLAS PQ A.D.C30	1	34.344	Subfamilia de Varios
2890	300001	BOLSA 20*30 NATURAL 25/KG CIMAPLAS	CIMAPLAS	1	1.217	Subfamilia de Varios
2890	300026	BOLSA PAPEL #20 10/100PZ MORYSAN	MORYSAN	1	19.885	Subfamilia de Varios
2891	180306	CH. #835 10/50 URPRI	URPRI	3	3391.668	Subfamilia de Varios
2891	180223	PLATO #8D 25/20 URPRI	URPRI	5	0.695	Subfamilia de Varios
2891	180211	PLATO #6 25/20PZ URPRI	URPRI	5	7704.82	Subfamilia de Varios
2891	360101	CUCHARA CHICA ROJA 60/50 MARGARITA	MARGARITA	5	21.46	Subfamilia de Varios
2891	360214	CUCHARA CHICA BLANCA 60/50 MARGARITA	MARGARITA	5	18.965	Subfamilia de Varios
2891	360226	CUCHARA CHICA AZUL 60/50 MARGARITA	MARGARITA	1	5.23	Subfamilia de Varios
